DEBUG - 2026-04-17 06:36:36 --> Session: Class initialized using 'CodeIgniter\Session\Handlers\FileHandler' driver.
DEBUG - 2026-04-17 06:36:37 --> Session: Class initialized using 'CodeIgniter\Session\Handlers\FileHandler' driver.
DEBUG - 2026-04-17 06:36:40 --> Session: Class initialized using 'CodeIgniter\Session\Handlers\FileHandler' driver.
DEBUG - 2026-04-17 06:36:40 --> Session: Class initialized using 'CodeIgniter\Session\Handlers\FileHandler' driver.
DEBUG - 2026-04-17 06:36:42 --> Session: Class initialized using 'CodeIgniter\Session\Handlers\FileHandler' driver.
DEBUG - 2026-04-17 06:36:44 --> Session: Class initialized using 'CodeIgniter\Session\Handlers\FileHandler' driver.
DEBUG - 2026-04-17 06:36:52 --> Session: Class initialized using 'CodeIgniter\Session\Handlers\FileHandler' driver.
DEBUG - 2026-04-17 06:37:04 --> Session: Class initialized using 'CodeIgniter\Session\Handlers\FileHandler' driver.
DEBUG - 2026-04-17 06:38:46 --> Session: Class initialized using 'CodeIgniter\Session\Handlers\FileHandler' driver.
DEBUG - 2026-04-17 06:41:40 --> Session: Class initialized using 'CodeIgniter\Session\Handlers\FileHandler' driver.
DEBUG - 2026-04-17 06:56:18 --> Session: Class initialized using 'CodeIgniter\Session\Handlers\FileHandler' driver.
DEBUG - 2026-04-17 06:56:22 --> Session: Class initialized using 'CodeIgniter\Session\Handlers\FileHandler' driver.
DEBUG - 2026-04-17 07:01:49 --> Session: Class initialized using 'CodeIgniter\Session\Handlers\FileHandler' driver.
DEBUG - 2026-04-17 07:02:56 --> Session: Class initialized using 'CodeIgniter\Session\Handlers\FileHandler' driver.
DEBUG - 2026-04-17 07:03:05 --> Session: Class initialized using 'CodeIgniter\Session\Handlers\FileHandler' driver.
DEBUG - 2026-04-17 07:03:05 --> Session: Class initialized using 'CodeIgniter\Session\Handlers\FileHandler' driver.
DEBUG - 2026-04-17 07:03:08 --> Session: Class initialized using 'CodeIgniter\Session\Handlers\FileHandler' driver.
DEBUG - 2026-04-17 07:03:08 --> Session: Class initialized using 'CodeIgniter\Session\Handlers\FileHandler' driver.
DEBUG - 2026-04-17 07:03:13 --> Session: Class initialized using 'CodeIgniter\Session\Handlers\FileHandler' driver.
DEBUG - 2026-04-17 07:03:24 --> Session: Class initialized using 'CodeIgniter\Session\Handlers\FileHandler' driver.
DEBUG - 2026-04-17 07:03:37 --> Session: Class initialized using 'CodeIgniter\Session\Handlers\FileHandler' driver.
DEBUG - 2026-04-17 07:03:37 --> Session: Class initialized using 'CodeIgniter\Session\Handlers\FileHandler' driver.
DEBUG - 2026-04-17 07:03:41 --> Session: Class initialized using 'CodeIgniter\Session\Handlers\FileHandler' driver.
DEBUG - 2026-04-17 07:03:41 --> Session: Class initialized using 'CodeIgniter\Session\Handlers\FileHandler' driver.
DEBUG - 2026-04-17 07:03:43 --> Session: Class initialized using 'CodeIgniter\Session\Handlers\FileHandler' driver.
DEBUG - 2026-04-17 07:03:45 --> Session: Class initialized using 'CodeIgniter\Session\Handlers\FileHandler' driver.
DEBUG - 2026-04-17 07:09:34 --> Session: Class initialized using 'CodeIgniter\Session\Handlers\FileHandler' driver.
DEBUG - 2026-04-17 07:09:35 --> Session: Class initialized using 'CodeIgniter\Session\Handlers\FileHandler' driver.
CRITICAL - 2026-04-17 07:09:42 --> CodeIgniter\View\Exceptions\ViewException: Invalid file: "buku/create.php"
[Method: GET, Route: buku/create]
in SYSTEMPATH\Exceptions\FrameworkException.php on line 39.
 1 SYSTEMPATH\View\View.php(214): CodeIgniter\Exceptions\FrameworkException::forInvalidFile('buku/create.php')
 2 SYSTEMPATH\Common.php(1167): CodeIgniter\View\View->render('buku/create', [], true)
 3 APPPATH\Controllers\Buku.php(30): view('buku/create', [...])
 4 SYSTEMPATH\CodeIgniter.php(933): App\Controllers\Buku->create()
 5 SYSTEMPATH\CodeIgniter.php(507): CodeIgniter\CodeIgniter->runController(Object(App\Controllers\Buku))
 6 SYSTEMPATH\CodeIgniter.php(354): CodeIgniter\CodeIgniter->handleRequest(null, Object(Config\Cache), false)
 7 SYSTEMPATH\Boot.php(363): CodeIgniter\CodeIgniter->run()
 8 SYSTEMPATH\Boot.php(68): CodeIgniter\Boot::runCodeIgniter(Object(CodeIgniter\CodeIgniter))
 9 FCPATH\index.php(59): CodeIgniter\Boot::bootWeb(Object(Config\Paths))
DEBUG - 2026-04-17 07:09:49 --> Session: Class initialized using 'CodeIgniter\Session\Handlers\FileHandler' driver.
DEBUG - 2026-04-17 07:09:49 --> Session: Class initialized using 'CodeIgniter\Session\Handlers\FileHandler' driver.
DEBUG - 2026-04-17 07:09:53 --> Session: Class initialized using 'CodeIgniter\Session\Handlers\FileHandler' driver.
DEBUG - 2026-04-17 07:09:53 --> Session: Class initialized using 'CodeIgniter\Session\Handlers\FileHandler' driver.
DEBUG - 2026-04-17 07:27:36 --> Session: Class initialized using 'CodeIgniter\Session\Handlers\FileHandler' driver.
DEBUG - 2026-04-17 07:27:41 --> Session: Class initialized using 'CodeIgniter\Session\Handlers\FileHandler' driver.
DEBUG - 2026-04-17 07:27:42 --> Session: Class initialized using 'CodeIgniter\Session\Handlers\FileHandler' driver.
DEBUG - 2026-04-17 07:27:43 --> Session: Class initialized using 'CodeIgniter\Session\Handlers\FileHandler' driver.
DEBUG - 2026-04-17 07:27:44 --> Session: Class initialized using 'CodeIgniter\Session\Handlers\FileHandler' driver.
DEBUG - 2026-04-17 07:27:47 --> Session: Class initialized using 'CodeIgniter\Session\Handlers\FileHandler' driver.
DEBUG - 2026-04-17 07:27:47 --> Session: Class initialized using 'CodeIgniter\Session\Handlers\FileHandler' driver.
DEBUG - 2026-04-17 07:27:50 --> Session: Class initialized using 'CodeIgniter\Session\Handlers\FileHandler' driver.
ERROR - 2026-04-17 07:27:52 --> mysqli_sql_exception: Unknown column 'users.id_user' in 'on clause' in C:\xampp\htdocs\LIBERA\system\Database\MySQLi\Connection.php:327
Stack trace:
#0 C:\xampp\htdocs\LIBERA\system\Database\MySQLi\Connection.php(327): mysqli->query('SELECT `peminja...', 0)
#1 C:\xampp\htdocs\LIBERA\system\Database\BaseConnection.php(729): CodeIgniter\Database\MySQLi\Connection->execute('SELECT `peminja...')
#2 C:\xampp\htdocs\LIBERA\system\Database\BaseConnection.php(646): CodeIgniter\Database\BaseConnection->simpleQuery('SELECT `peminja...')
#3 C:\xampp\htdocs\LIBERA\system\Database\BaseBuilder.php(1649): CodeIgniter\Database\BaseConnection->query('SELECT `peminja...', Array, false)
#4 C:\xampp\htdocs\LIBERA\app\Models\PinjamModel.php(23): CodeIgniter\Database\BaseBuilder->get()
#5 C:\xampp\htdocs\LIBERA\app\Controllers\Peminjaman.php(19): App\Models\PinjamModel->getPinjam()
#6 C:\xampp\htdocs\LIBERA\system\CodeIgniter.php(933): App\Controllers\Peminjaman->index()
#7 C:\xampp\htdocs\LIBERA\system\CodeIgniter.php(507): CodeIgniter\CodeIgniter->runController(Object(App\Controllers\Peminjaman))
#8 C:\xampp\htdocs\LIBERA\system\CodeIgniter.php(354): CodeIgniter\CodeIgniter->handleRequest(NULL, Object(Config\Cache), false)
#9 C:\xampp\htdocs\LIBERA\system\Boot.php(363): CodeIgniter\CodeIgniter->run()
#10 C:\xampp\htdocs\LIBERA\system\Boot.php(68): CodeIgniter\Boot::runCodeIgniter(Object(CodeIgniter\CodeIgniter))
#11 C:\xampp\htdocs\LIBERA\index.php(59): CodeIgniter\Boot::bootWeb(Object(Config\Paths))
#12 {main}
CRITICAL - 2026-04-17 07:27:52 --> CodeIgniter\Database\Exceptions\DatabaseException: Unknown column 'users.id_user' in 'on clause'
[Method: GET, Route: peminjaman]
in SYSTEMPATH\Database\BaseConnection.php on line 684.
 1 SYSTEMPATH\Database\BaseBuilder.php(1649): CodeIgniter\Database\BaseConnection->query('SELECT `peminjaman`.*, `users`.`nama`, `buku`.`judul`, `buku`.`denda_perhari`
FROM `peminjaman`
JOIN `users` ON `users`.`id_user` = `peminjaman`.`id_user`
JOIN `buku` ON `buku`.`id_buku` = `peminjaman`.`id_buku`
ORDER BY `id_peminjaman` DESC', [], false)
 2 APPPATH\Models\PinjamModel.php(23): CodeIgniter\Database\BaseBuilder->get()
 3 APPPATH\Controllers\Peminjaman.php(19): App\Models\PinjamModel->getPinjam()
 4 SYSTEMPATH\CodeIgniter.php(933): App\Controllers\Peminjaman->index()
 5 SYSTEMPATH\CodeIgniter.php(507): CodeIgniter\CodeIgniter->runController(Object(App\Controllers\Peminjaman))
 6 SYSTEMPATH\CodeIgniter.php(354): CodeIgniter\CodeIgniter->handleRequest(null, Object(Config\Cache), false)
 7 SYSTEMPATH\Boot.php(363): CodeIgniter\CodeIgniter->run()
 8 SYSTEMPATH\Boot.php(68): CodeIgniter\Boot::runCodeIgniter(Object(CodeIgniter\CodeIgniter))
 9 FCPATH\index.php(59): CodeIgniter\Boot::bootWeb(Object(Config\Paths))
CRITICAL - 2026-04-17 07:27:52 --> [Caused by] CodeIgniter\Database\Exceptions\DatabaseException: Unknown column 'users.id_user' in 'on clause'
in SYSTEMPATH\Database\MySQLi\Connection.php on line 332.
 1 SYSTEMPATH\Database\BaseConnection.php(729): CodeIgniter\Database\MySQLi\Connection->execute('SELECT `peminjaman`.*, `users`.`nama`, `buku`.`judul`, `buku`.`denda_perhari`
FROM `peminjaman`
JOIN `users` ON `users`.`id_user` = `peminjaman`.`id_user`
JOIN `buku` ON `buku`.`id_buku` = `peminjaman`.`id_buku`
ORDER BY `id_peminjaman` DESC')
 2 SYSTEMPATH\Database\BaseConnection.php(646): CodeIgniter\Database\BaseConnection->simpleQuery('SELECT `peminjaman`.*, `users`.`nama`, `buku`.`judul`, `buku`.`denda_perhari`
FROM `peminjaman`
JOIN `users` ON `users`.`id_user` = `peminjaman`.`id_user`
JOIN `buku` ON `buku`.`id_buku` = `peminjaman`.`id_buku`
ORDER BY `id_peminjaman` DESC')
 3 SYSTEMPATH\Database\BaseBuilder.php(1649): CodeIgniter\Database\BaseConnection->query('SELECT `peminjaman`.*, `users`.`nama`, `buku`.`judul`, `buku`.`denda_perhari`
FROM `peminjaman`
JOIN `users` ON `users`.`id_user` = `peminjaman`.`id_user`
JOIN `buku` ON `buku`.`id_buku` = `peminjaman`.`id_buku`
ORDER BY `id_peminjaman` DESC', [], false)
 4 APPPATH\Models\PinjamModel.php(23): CodeIgniter\Database\BaseBuilder->get()
 5 APPPATH\Controllers\Peminjaman.php(19): App\Models\PinjamModel->getPinjam()
 6 SYSTEMPATH\CodeIgniter.php(933): App\Controllers\Peminjaman->index()
 7 SYSTEMPATH\CodeIgniter.php(507): CodeIgniter\CodeIgniter->runController(Object(App\Controllers\Peminjaman))
 8 SYSTEMPATH\CodeIgniter.php(354): CodeIgniter\CodeIgniter->handleRequest(null, Object(Config\Cache), false)
 9 SYSTEMPATH\Boot.php(363): CodeIgniter\CodeIgniter->run()
10 SYSTEMPATH\Boot.php(68): CodeIgniter\Boot::runCodeIgniter(Object(CodeIgniter\CodeIgniter))
11 FCPATH\index.php(59): CodeIgniter\Boot::bootWeb(Object(Config\Paths))
CRITICAL - 2026-04-17 07:27:52 --> [Caused by] mysqli_sql_exception: Unknown column 'users.id_user' in 'on clause'
in SYSTEMPATH\Database\MySQLi\Connection.php on line 327.
 1 SYSTEMPATH\Database\MySQLi\Connection.php(327): mysqli->query('SELECT `peminjaman`.*, `users`.`nama`, `buku`.`judul`, `buku`.`denda_perhari`
FROM `peminjaman`
JOIN `users` ON `users`.`id_user` = `peminjaman`.`id_user`
JOIN `buku` ON `buku`.`id_buku` = `peminjaman`.`id_buku`
ORDER BY `id_peminjaman` DESC', 0)
 2 SYSTEMPATH\Database\BaseConnection.php(729): CodeIgniter\Database\MySQLi\Connection->execute('SELECT `peminjaman`.*, `users`.`nama`, `buku`.`judul`, `buku`.`denda_perhari`
FROM `peminjaman`
JOIN `users` ON `users`.`id_user` = `peminjaman`.`id_user`
JOIN `buku` ON `buku`.`id_buku` = `peminjaman`.`id_buku`
ORDER BY `id_peminjaman` DESC')
 3 SYSTEMPATH\Database\BaseConnection.php(646): CodeIgniter\Database\BaseConnection->simpleQuery('SELECT `peminjaman`.*, `users`.`nama`, `buku`.`judul`, `buku`.`denda_perhari`
FROM `peminjaman`
JOIN `users` ON `users`.`id_user` = `peminjaman`.`id_user`
JOIN `buku` ON `buku`.`id_buku` = `peminjaman`.`id_buku`
ORDER BY `id_peminjaman` DESC')
 4 SYSTEMPATH\Database\BaseBuilder.php(1649): CodeIgniter\Database\BaseConnection->query('SELECT `peminjaman`.*, `users`.`nama`, `buku`.`judul`, `buku`.`denda_perhari`
FROM `peminjaman`
JOIN `users` ON `users`.`id_user` = `peminjaman`.`id_user`
JOIN `buku` ON `buku`.`id_buku` = `peminjaman`.`id_buku`
ORDER BY `id_peminjaman` DESC', [], false)
 5 APPPATH\Models\PinjamModel.php(23): CodeIgniter\Database\BaseBuilder->get()
 6 APPPATH\Controllers\Peminjaman.php(19): App\Models\PinjamModel->getPinjam()
 7 SYSTEMPATH\CodeIgniter.php(933): App\Controllers\Peminjaman->index()
 8 SYSTEMPATH\CodeIgniter.php(507): CodeIgniter\CodeIgniter->runController(Object(App\Controllers\Peminjaman))
 9 SYSTEMPATH\CodeIgniter.php(354): CodeIgniter\CodeIgniter->handleRequest(null, Object(Config\Cache), false)
10 SYSTEMPATH\Boot.php(363): CodeIgniter\CodeIgniter->run()
11 SYSTEMPATH\Boot.php(68): CodeIgniter\Boot::runCodeIgniter(Object(CodeIgniter\CodeIgniter))
12 FCPATH\index.php(59): CodeIgniter\Boot::bootWeb(Object(Config\Paths))
DEBUG - 2026-04-17 07:27:55 --> Session: Class initialized using 'CodeIgniter\Session\Handlers\FileHandler' driver.
CRITICAL - 2026-04-17 07:27:57 --> CodeIgniter\View\Exceptions\ViewException: Invalid file: "buku/create.php"
[Method: GET, Route: buku/create]
in SYSTEMPATH\Exceptions\FrameworkException.php on line 39.
 1 SYSTEMPATH\View\View.php(214): CodeIgniter\Exceptions\FrameworkException::forInvalidFile('buku/create.php')
 2 SYSTEMPATH\Common.php(1167): CodeIgniter\View\View->render('buku/create', [], true)
 3 APPPATH\Controllers\Buku.php(30): view('buku/create', [...])
 4 SYSTEMPATH\CodeIgniter.php(933): App\Controllers\Buku->create()
 5 SYSTEMPATH\CodeIgniter.php(507): CodeIgniter\CodeIgniter->runController(Object(App\Controllers\Buku))
 6 SYSTEMPATH\CodeIgniter.php(354): CodeIgniter\CodeIgniter->handleRequest(null, Object(Config\Cache), false)
 7 SYSTEMPATH\Boot.php(363): CodeIgniter\CodeIgniter->run()
 8 SYSTEMPATH\Boot.php(68): CodeIgniter\Boot::runCodeIgniter(Object(CodeIgniter\CodeIgniter))
 9 FCPATH\index.php(59): CodeIgniter\Boot::bootWeb(Object(Config\Paths))
DEBUG - 2026-04-17 07:28:00 --> Session: Class initialized using 'CodeIgniter\Session\Handlers\FileHandler' driver.
DEBUG - 2026-04-17 07:28:00 --> Session: Class initialized using 'CodeIgniter\Session\Handlers\FileHandler' driver.
DEBUG - 2026-04-17 07:28:16 --> Session: Class initialized using 'CodeIgniter\Session\Handlers\FileHandler' driver.
DEBUG - 2026-04-17 07:28:16 --> Session: Class initialized using 'CodeIgniter\Session\Handlers\FileHandler' driver.
DEBUG - 2026-04-17 07:28:19 --> Session: Class initialized using 'CodeIgniter\Session\Handlers\FileHandler' driver.
DEBUG - 2026-04-17 07:28:20 --> Session: Class initialized using 'CodeIgniter\Session\Handlers\FileHandler' driver.
DEBUG - 2026-04-17 07:28:31 --> Session: Class initialized using 'CodeIgniter\Session\Handlers\FileHandler' driver.
DEBUG - 2026-04-17 07:28:45 --> Session: Class initialized using 'CodeIgniter\Session\Handlers\FileHandler' driver.
DEBUG - 2026-04-17 07:28:45 --> Session: Class initialized using 'CodeIgniter\Session\Handlers\FileHandler' driver.
DEBUG - 2026-04-17 07:28:49 --> Session: Class initialized using 'CodeIgniter\Session\Handlers\FileHandler' driver.
DEBUG - 2026-04-17 07:28:49 --> Session: Class initialized using 'CodeIgniter\Session\Handlers\FileHandler' driver.
ERROR - 2026-04-17 07:28:52 --> mysqli_sql_exception: Unknown column 'users.id_user' in 'on clause' in C:\xampp\htdocs\LIBERA\system\Database\MySQLi\Connection.php:327
Stack trace:
#0 C:\xampp\htdocs\LIBERA\system\Database\MySQLi\Connection.php(327): mysqli->query('SELECT `peminja...', 0)
#1 C:\xampp\htdocs\LIBERA\system\Database\BaseConnection.php(729): CodeIgniter\Database\MySQLi\Connection->execute('SELECT `peminja...')
#2 C:\xampp\htdocs\LIBERA\system\Database\BaseConnection.php(646): CodeIgniter\Database\BaseConnection->simpleQuery('SELECT `peminja...')
#3 C:\xampp\htdocs\LIBERA\system\Database\BaseBuilder.php(1649): CodeIgniter\Database\BaseConnection->query('SELECT `peminja...', Array, false)
#4 C:\xampp\htdocs\LIBERA\app\Models\PinjamModel.php(23): CodeIgniter\Database\BaseBuilder->get()
#5 C:\xampp\htdocs\LIBERA\app\Controllers\Peminjaman.php(19): App\Models\PinjamModel->getPinjam()
#6 C:\xampp\htdocs\LIBERA\system\CodeIgniter.php(933): App\Controllers\Peminjaman->index()
#7 C:\xampp\htdocs\LIBERA\system\CodeIgniter.php(507): CodeIgniter\CodeIgniter->runController(Object(App\Controllers\Peminjaman))
#8 C:\xampp\htdocs\LIBERA\system\CodeIgniter.php(354): CodeIgniter\CodeIgniter->handleRequest(NULL, Object(Config\Cache), false)
#9 C:\xampp\htdocs\LIBERA\system\Boot.php(363): CodeIgniter\CodeIgniter->run()
#10 C:\xampp\htdocs\LIBERA\system\Boot.php(68): CodeIgniter\Boot::runCodeIgniter(Object(CodeIgniter\CodeIgniter))
#11 C:\xampp\htdocs\LIBERA\index.php(59): CodeIgniter\Boot::bootWeb(Object(Config\Paths))
#12 {main}
CRITICAL - 2026-04-17 07:28:52 --> CodeIgniter\Database\Exceptions\DatabaseException: Unknown column 'users.id_user' in 'on clause'
[Method: GET, Route: peminjaman]
in SYSTEMPATH\Database\BaseConnection.php on line 684.
 1 SYSTEMPATH\Database\BaseBuilder.php(1649): CodeIgniter\Database\BaseConnection->query('SELECT `peminjaman`.*, `users`.`nama`, `buku`.`judul`, `buku`.`denda_perhari`
FROM `peminjaman`
JOIN `users` ON `users`.`id_user` = `peminjaman`.`id_user`
JOIN `buku` ON `buku`.`id_buku` = `peminjaman`.`id_buku`
ORDER BY `id_peminjaman` DESC', [], false)
 2 APPPATH\Models\PinjamModel.php(23): CodeIgniter\Database\BaseBuilder->get()
 3 APPPATH\Controllers\Peminjaman.php(19): App\Models\PinjamModel->getPinjam()
 4 SYSTEMPATH\CodeIgniter.php(933): App\Controllers\Peminjaman->index()
 5 SYSTEMPATH\CodeIgniter.php(507): CodeIgniter\CodeIgniter->runController(Object(App\Controllers\Peminjaman))
 6 SYSTEMPATH\CodeIgniter.php(354): CodeIgniter\CodeIgniter->handleRequest(null, Object(Config\Cache), false)
 7 SYSTEMPATH\Boot.php(363): CodeIgniter\CodeIgniter->run()
 8 SYSTEMPATH\Boot.php(68): CodeIgniter\Boot::runCodeIgniter(Object(CodeIgniter\CodeIgniter))
 9 FCPATH\index.php(59): CodeIgniter\Boot::bootWeb(Object(Config\Paths))
CRITICAL - 2026-04-17 07:28:52 --> [Caused by] CodeIgniter\Database\Exceptions\DatabaseException: Unknown column 'users.id_user' in 'on clause'
in SYSTEMPATH\Database\MySQLi\Connection.php on line 332.
 1 SYSTEMPATH\Database\BaseConnection.php(729): CodeIgniter\Database\MySQLi\Connection->execute('SELECT `peminjaman`.*, `users`.`nama`, `buku`.`judul`, `buku`.`denda_perhari`
FROM `peminjaman`
JOIN `users` ON `users`.`id_user` = `peminjaman`.`id_user`
JOIN `buku` ON `buku`.`id_buku` = `peminjaman`.`id_buku`
ORDER BY `id_peminjaman` DESC')
 2 SYSTEMPATH\Database\BaseConnection.php(646): CodeIgniter\Database\BaseConnection->simpleQuery('SELECT `peminjaman`.*, `users`.`nama`, `buku`.`judul`, `buku`.`denda_perhari`
FROM `peminjaman`
JOIN `users` ON `users`.`id_user` = `peminjaman`.`id_user`
JOIN `buku` ON `buku`.`id_buku` = `peminjaman`.`id_buku`
ORDER BY `id_peminjaman` DESC')
 3 SYSTEMPATH\Database\BaseBuilder.php(1649): CodeIgniter\Database\BaseConnection->query('SELECT `peminjaman`.*, `users`.`nama`, `buku`.`judul`, `buku`.`denda_perhari`
FROM `peminjaman`
JOIN `users` ON `users`.`id_user` = `peminjaman`.`id_user`
JOIN `buku` ON `buku`.`id_buku` = `peminjaman`.`id_buku`
ORDER BY `id_peminjaman` DESC', [], false)
 4 APPPATH\Models\PinjamModel.php(23): CodeIgniter\Database\BaseBuilder->get()
 5 APPPATH\Controllers\Peminjaman.php(19): App\Models\PinjamModel->getPinjam()
 6 SYSTEMPATH\CodeIgniter.php(933): App\Controllers\Peminjaman->index()
 7 SYSTEMPATH\CodeIgniter.php(507): CodeIgniter\CodeIgniter->runController(Object(App\Controllers\Peminjaman))
 8 SYSTEMPATH\CodeIgniter.php(354): CodeIgniter\CodeIgniter->handleRequest(null, Object(Config\Cache), false)
 9 SYSTEMPATH\Boot.php(363): CodeIgniter\CodeIgniter->run()
10 SYSTEMPATH\Boot.php(68): CodeIgniter\Boot::runCodeIgniter(Object(CodeIgniter\CodeIgniter))
11 FCPATH\index.php(59): CodeIgniter\Boot::bootWeb(Object(Config\Paths))
CRITICAL - 2026-04-17 07:28:52 --> [Caused by] mysqli_sql_exception: Unknown column 'users.id_user' in 'on clause'
in SYSTEMPATH\Database\MySQLi\Connection.php on line 327.
 1 SYSTEMPATH\Database\MySQLi\Connection.php(327): mysqli->query('SELECT `peminjaman`.*, `users`.`nama`, `buku`.`judul`, `buku`.`denda_perhari`
FROM `peminjaman`
JOIN `users` ON `users`.`id_user` = `peminjaman`.`id_user`
JOIN `buku` ON `buku`.`id_buku` = `peminjaman`.`id_buku`
ORDER BY `id_peminjaman` DESC', 0)
 2 SYSTEMPATH\Database\BaseConnection.php(729): CodeIgniter\Database\MySQLi\Connection->execute('SELECT `peminjaman`.*, `users`.`nama`, `buku`.`judul`, `buku`.`denda_perhari`
FROM `peminjaman`
JOIN `users` ON `users`.`id_user` = `peminjaman`.`id_user`
JOIN `buku` ON `buku`.`id_buku` = `peminjaman`.`id_buku`
ORDER BY `id_peminjaman` DESC')
 3 SYSTEMPATH\Database\BaseConnection.php(646): CodeIgniter\Database\BaseConnection->simpleQuery('SELECT `peminjaman`.*, `users`.`nama`, `buku`.`judul`, `buku`.`denda_perhari`
FROM `peminjaman`
JOIN `users` ON `users`.`id_user` = `peminjaman`.`id_user`
JOIN `buku` ON `buku`.`id_buku` = `peminjaman`.`id_buku`
ORDER BY `id_peminjaman` DESC')
 4 SYSTEMPATH\Database\BaseBuilder.php(1649): CodeIgniter\Database\BaseConnection->query('SELECT `peminjaman`.*, `users`.`nama`, `buku`.`judul`, `buku`.`denda_perhari`
FROM `peminjaman`
JOIN `users` ON `users`.`id_user` = `peminjaman`.`id_user`
JOIN `buku` ON `buku`.`id_buku` = `peminjaman`.`id_buku`
ORDER BY `id_peminjaman` DESC', [], false)
 5 APPPATH\Models\PinjamModel.php(23): CodeIgniter\Database\BaseBuilder->get()
 6 APPPATH\Controllers\Peminjaman.php(19): App\Models\PinjamModel->getPinjam()
 7 SYSTEMPATH\CodeIgniter.php(933): App\Controllers\Peminjaman->index()
 8 SYSTEMPATH\CodeIgniter.php(507): CodeIgniter\CodeIgniter->runController(Object(App\Controllers\Peminjaman))
 9 SYSTEMPATH\CodeIgniter.php(354): CodeIgniter\CodeIgniter->handleRequest(null, Object(Config\Cache), false)
10 SYSTEMPATH\Boot.php(363): CodeIgniter\CodeIgniter->run()
11 SYSTEMPATH\Boot.php(68): CodeIgniter\Boot::runCodeIgniter(Object(CodeIgniter\CodeIgniter))
12 FCPATH\index.php(59): CodeIgniter\Boot::bootWeb(Object(Config\Paths))
DEBUG - 2026-04-17 07:33:04 --> Session: Class initialized using 'CodeIgniter\Session\Handlers\FileHandler' driver.
DEBUG - 2026-04-17 07:33:06 --> Session: Class initialized using 'CodeIgniter\Session\Handlers\FileHandler' driver.
DEBUG - 2026-04-17 07:33:07 --> Session: Class initialized using 'CodeIgniter\Session\Handlers\FileHandler' driver.
DEBUG - 2026-04-17 07:33:07 --> Session: Class initialized using 'CodeIgniter\Session\Handlers\FileHandler' driver.
DEBUG - 2026-04-17 07:33:07 --> Session: Class initialized using 'CodeIgniter\Session\Handlers\FileHandler' driver.
DEBUG - 2026-04-17 07:33:08 --> Session: Class initialized using 'CodeIgniter\Session\Handlers\FileHandler' driver.
DEBUG - 2026-04-17 07:33:09 --> Session: Class initialized using 'CodeIgniter\Session\Handlers\FileHandler' driver.
DEBUG - 2026-04-17 07:33:09 --> Session: Class initialized using 'CodeIgniter\Session\Handlers\FileHandler' driver.
DEBUG - 2026-04-17 07:33:12 --> Session: Class initialized using 'CodeIgniter\Session\Handlers\FileHandler' driver.
DEBUG - 2026-04-17 07:33:12 --> Session: Class initialized using 'CodeIgniter\Session\Handlers\FileHandler' driver.
DEBUG - 2026-04-17 07:33:18 --> Session: Class initialized using 'CodeIgniter\Session\Handlers\FileHandler' driver.
DEBUG - 2026-04-17 07:33:19 --> Session: Class initialized using 'CodeIgniter\Session\Handlers\FileHandler' driver.
DEBUG - 2026-04-17 07:33:19 --> Session: Class initialized using 'CodeIgniter\Session\Handlers\FileHandler' driver.
DEBUG - 2026-04-17 07:33:23 --> Session: Class initialized using 'CodeIgniter\Session\Handlers\FileHandler' driver.
DEBUG - 2026-04-17 07:33:24 --> Session: Class initialized using 'CodeIgniter\Session\Handlers\FileHandler' driver.
DEBUG - 2026-04-17 07:34:51 --> Session: Class initialized using 'CodeIgniter\Session\Handlers\FileHandler' driver.
DEBUG - 2026-04-17 07:34:57 --> Session: Class initialized using 'CodeIgniter\Session\Handlers\FileHandler' driver.
CRITICAL - 2026-04-17 07:35:00 --> CodeIgniter\View\Exceptions\ViewException: Invalid file: "buku/create.php"
[Method: GET, Route: buku/create]
in SYSTEMPATH\Exceptions\FrameworkException.php on line 39.
 1 SYSTEMPATH\View\View.php(214): CodeIgniter\Exceptions\FrameworkException::forInvalidFile('buku/create.php')
 2 SYSTEMPATH\Common.php(1167): CodeIgniter\View\View->render('buku/create', [], true)
 3 APPPATH\Controllers\Buku.php(30): view('buku/create', [...])
 4 SYSTEMPATH\CodeIgniter.php(933): App\Controllers\Buku->create()
 5 SYSTEMPATH\CodeIgniter.php(507): CodeIgniter\CodeIgniter->runController(Object(App\Controllers\Buku))
 6 SYSTEMPATH\CodeIgniter.php(354): CodeIgniter\CodeIgniter->handleRequest(null, Object(Config\Cache), false)
 7 SYSTEMPATH\Boot.php(363): CodeIgniter\CodeIgniter->run()
 8 SYSTEMPATH\Boot.php(68): CodeIgniter\Boot::runCodeIgniter(Object(CodeIgniter\CodeIgniter))
 9 FCPATH\index.php(59): CodeIgniter\Boot::bootWeb(Object(Config\Paths))
DEBUG - 2026-04-17 07:35:03 --> Session: Class initialized using 'CodeIgniter\Session\Handlers\FileHandler' driver.
DEBUG - 2026-04-17 07:35:06 --> Session: Class initialized using 'CodeIgniter\Session\Handlers\FileHandler' driver.
DEBUG - 2026-04-17 07:35:06 --> Session: Class initialized using 'CodeIgniter\Session\Handlers\FileHandler' driver.
DEBUG - 2026-04-17 07:35:11 --> Session: Class initialized using 'CodeIgniter\Session\Handlers\FileHandler' driver.
DEBUG - 2026-04-17 07:35:11 --> Session: Class initialized using 'CodeIgniter\Session\Handlers\FileHandler' driver.
DEBUG - 2026-04-17 07:36:32 --> Session: Class initialized using 'CodeIgniter\Session\Handlers\FileHandler' driver.
CRITICAL - 2026-04-17 07:36:32 --> ErrorException: Undefined variable $b
[Method: GET, Route: dashboard]
in APPPATH\Views\layouts\menu.php on line 15.
 1 APPPATH\Views\layouts\menu.php(15): CodeIgniter\Debug\Exceptions->errorHandler(2, 'Undefined variable $b', 'C:\\xampp\\htdocs\\LIBERA\\app\\Views\\layouts\\menu.php', 15)
 2 APPPATH\Views\layouts\main.php(37): include('C:\\xampp\\htdocs\\LIBERA\\app\\Views\\layouts\\menu.php')
 3 SYSTEMPATH\View\View.php(226): include('C:\\xampp\\htdocs\\LIBERA\\app\\Views\\layouts\\main.php')
 4 SYSTEMPATH\View\View.php(229): CodeIgniter\View\View->CodeIgniter\View\{closure}()
 5 SYSTEMPATH\View\View.php(242): CodeIgniter\View\View->render('layouts/main', [], true)
 6 SYSTEMPATH\Common.php(1167): CodeIgniter\View\View->render('layouts/dashboard', [], true)
 7 APPPATH\Controllers\Home.php(9): view('layouts/dashboard')
 8 SYSTEMPATH\CodeIgniter.php(933): App\Controllers\Home->index()
 9 SYSTEMPATH\CodeIgniter.php(507): CodeIgniter\CodeIgniter->runController(Object(App\Controllers\Home))
10 SYSTEMPATH\CodeIgniter.php(354): CodeIgniter\CodeIgniter->handleRequest(null, Object(Config\Cache), false)
11 SYSTEMPATH\Boot.php(363): CodeIgniter\CodeIgniter->run()
12 SYSTEMPATH\Boot.php(68): CodeIgniter\Boot::runCodeIgniter(Object(CodeIgniter\CodeIgniter))
13 FCPATH\index.php(59): CodeIgniter\Boot::bootWeb(Object(Config\Paths))
DEBUG - 2026-04-17 07:41:25 --> Session: Class initialized using 'CodeIgniter\Session\Handlers\FileHandler' driver.
DEBUG - 2026-04-17 07:41:44 --> Session: Class initialized using 'CodeIgniter\Session\Handlers\FileHandler' driver.
DEBUG - 2026-04-17 07:41:45 --> Session: Class initialized using 'CodeIgniter\Session\Handlers\FileHandler' driver.
DEBUG - 2026-04-17 07:41:48 --> Session: Class initialized using 'CodeIgniter\Session\Handlers\FileHandler' driver.
DEBUG - 2026-04-17 07:41:48 --> Session: Class initialized using 'CodeIgniter\Session\Handlers\FileHandler' driver.
DEBUG - 2026-04-17 07:43:28 --> Session: Class initialized using 'CodeIgniter\Session\Handlers\FileHandler' driver.
DEBUG - 2026-04-17 07:43:28 --> Session: Class initialized using 'CodeIgniter\Session\Handlers\FileHandler' driver.
DEBUG - 2026-04-17 07:43:30 --> Session: Class initialized using 'CodeIgniter\Session\Handlers\FileHandler' driver.
DEBUG - 2026-04-17 07:43:33 --> Session: Class initialized using 'CodeIgniter\Session\Handlers\FileHandler' driver.
DEBUG - 2026-04-17 07:43:34 --> Session: Class initialized using 'CodeIgniter\Session\Handlers\FileHandler' driver.
DEBUG - 2026-04-17 07:43:36 --> Session: Class initialized using 'CodeIgniter\Session\Handlers\FileHandler' driver.
DEBUG - 2026-04-17 07:43:37 --> Session: Class initialized using 'CodeIgniter\Session\Handlers\FileHandler' driver.
DEBUG - 2026-04-17 07:49:39 --> Session: Class initialized using 'CodeIgniter\Session\Handlers\FileHandler' driver.
DEBUG - 2026-04-17 08:12:01 --> Session: Class initialized using 'CodeIgniter\Session\Handlers\FileHandler' driver.
DEBUG - 2026-04-17 08:12:03 --> Session: Class initialized using 'CodeIgniter\Session\Handlers\FileHandler' driver.
CRITICAL - 2026-04-17 08:12:06 --> Error: Class "App\Models\BukuModel" not found
[Method: GET, Route: peminjaman]
in APPPATH\Controllers\Peminjaman.php on line 15.
 1 SYSTEMPATH\CodeIgniter.php(903): App\Controllers\Peminjaman->__construct()
 2 SYSTEMPATH\CodeIgniter.php(498): CodeIgniter\CodeIgniter->createController()
 3 SYSTEMPATH\CodeIgniter.php(354): CodeIgniter\CodeIgniter->handleRequest(null, Object(Config\Cache), false)
 4 SYSTEMPATH\Boot.php(363): CodeIgniter\CodeIgniter->run()
 5 SYSTEMPATH\Boot.php(68): CodeIgniter\Boot::runCodeIgniter(Object(CodeIgniter\CodeIgniter))
 6 FCPATH\index.php(59): CodeIgniter\Boot::bootWeb(Object(Config\Paths))
DEBUG - 2026-04-17 08:12:10 --> Session: Class initialized using 'CodeIgniter\Session\Handlers\FileHandler' driver.
CRITICAL - 2026-04-17 08:12:16 --> Error: Class "App\Models\BukuModel" not found
[Method: GET, Route: peminjaman]
in APPPATH\Controllers\Peminjaman.php on line 15.
 1 SYSTEMPATH\CodeIgniter.php(903): App\Controllers\Peminjaman->__construct()
 2 SYSTEMPATH\CodeIgniter.php(498): CodeIgniter\CodeIgniter->createController()
 3 SYSTEMPATH\CodeIgniter.php(354): CodeIgniter\CodeIgniter->handleRequest(null, Object(Config\Cache), false)
 4 SYSTEMPATH\Boot.php(363): CodeIgniter\CodeIgniter->run()
 5 SYSTEMPATH\Boot.php(68): CodeIgniter\Boot::runCodeIgniter(Object(CodeIgniter\CodeIgniter))
 6 FCPATH\index.php(59): CodeIgniter\Boot::bootWeb(Object(Config\Paths))
DEBUG - 2026-04-17 08:12:28 --> Session: Class initialized using 'CodeIgniter\Session\Handlers\FileHandler' driver.
DEBUG - 2026-04-17 08:15:14 --> Session: Class initialized using 'CodeIgniter\Session\Handlers\FileHandler' driver.
DEBUG - 2026-04-17 08:15:16 --> Session: Class initialized using 'CodeIgniter\Session\Handlers\FileHandler' driver.
ERROR - 2026-04-17 08:15:16 --> mysqli_sql_exception: Unknown column 'users.id_user' in 'on clause' in C:\xampp\htdocs\LIBERA\system\Database\MySQLi\Connection.php:327
Stack trace:
#0 C:\xampp\htdocs\LIBERA\system\Database\MySQLi\Connection.php(327): mysqli->query('SELECT `peminja...', 0)
#1 C:\xampp\htdocs\LIBERA\system\Database\BaseConnection.php(729): CodeIgniter\Database\MySQLi\Connection->execute('SELECT `peminja...')
#2 C:\xampp\htdocs\LIBERA\system\Database\BaseConnection.php(646): CodeIgniter\Database\BaseConnection->simpleQuery('SELECT `peminja...')
#3 C:\xampp\htdocs\LIBERA\system\Database\BaseBuilder.php(1649): CodeIgniter\Database\BaseConnection->query('SELECT `peminja...', Array, false)
#4 C:\xampp\htdocs\LIBERA\app\Models\PinjamModel.php(24): CodeIgniter\Database\BaseBuilder->get()
#5 C:\xampp\htdocs\LIBERA\app\Controllers\Peminjaman.php(27): App\Models\PinjamModel->getPeminjamanFull('2')
#6 C:\xampp\htdocs\LIBERA\system\CodeIgniter.php(933): App\Controllers\Peminjaman->index()
#7 C:\xampp\htdocs\LIBERA\system\CodeIgniter.php(507): CodeIgniter\CodeIgniter->runController(Object(App\Controllers\Peminjaman))
#8 C:\xampp\htdocs\LIBERA\system\CodeIgniter.php(354): CodeIgniter\CodeIgniter->handleRequest(NULL, Object(Config\Cache), false)
#9 C:\xampp\htdocs\LIBERA\system\Boot.php(363): CodeIgniter\CodeIgniter->run()
#10 C:\xampp\htdocs\LIBERA\system\Boot.php(68): CodeIgniter\Boot::runCodeIgniter(Object(CodeIgniter\CodeIgniter))
#11 C:\xampp\htdocs\LIBERA\index.php(59): CodeIgniter\Boot::bootWeb(Object(Config\Paths))
#12 {main}
CRITICAL - 2026-04-17 08:15:16 --> CodeIgniter\Database\Exceptions\DatabaseException: Unknown column 'users.id_user' in 'on clause'
[Method: GET, Route: peminjaman]
in SYSTEMPATH\Database\BaseConnection.php on line 684.
 1 SYSTEMPATH\Database\BaseBuilder.php(1649): CodeIgniter\Database\BaseConnection->query('SELECT `peminjaman`.*, `buku`.`judul`, `buku`.`penulis`, `users`.`nama` as `nama_user`
FROM `peminjaman`
JOIN `buku` ON `buku`.`id_buku` = `peminjaman`.`id_buku`
JOIN `users` ON `users`.`id_user` = `peminjaman`.`id_user`
WHERE `peminjaman`.`id_user` = :peminjaman.id_user:
ORDER BY `id_peminjaman` DESC', [...], false)
 2 APPPATH\Models\PinjamModel.php(24): CodeIgniter\Database\BaseBuilder->get()
 3 APPPATH\Controllers\Peminjaman.php(27): App\Models\PinjamModel->getPeminjamanFull('2')
 4 SYSTEMPATH\CodeIgniter.php(933): App\Controllers\Peminjaman->index()
 5 SYSTEMPATH\CodeIgniter.php(507): CodeIgniter\CodeIgniter->runController(Object(App\Controllers\Peminjaman))
 6 SYSTEMPATH\CodeIgniter.php(354): CodeIgniter\CodeIgniter->handleRequest(null, Object(Config\Cache), false)
 7 SYSTEMPATH\Boot.php(363): CodeIgniter\CodeIgniter->run()
 8 SYSTEMPATH\Boot.php(68): CodeIgniter\Boot::runCodeIgniter(Object(CodeIgniter\CodeIgniter))
 9 FCPATH\index.php(59): CodeIgniter\Boot::bootWeb(Object(Config\Paths))
CRITICAL - 2026-04-17 08:15:16 --> [Caused by] CodeIgniter\Database\Exceptions\DatabaseException: Unknown column 'users.id_user' in 'on clause'
in SYSTEMPATH\Database\MySQLi\Connection.php on line 332.
 1 SYSTEMPATH\Database\BaseConnection.php(729): CodeIgniter\Database\MySQLi\Connection->execute('SELECT `peminjaman`.*, `buku`.`judul`, `buku`.`penulis`, `users`.`nama` as `nama_user`
FROM `peminjaman`
JOIN `buku` ON `buku`.`id_buku` = `peminjaman`.`id_buku`
JOIN `users` ON `users`.`id_user` = `peminjaman`.`id_user`
WHERE `peminjaman`.`id_user` = \'2\'
ORDER BY `id_peminjaman` DESC')
 2 SYSTEMPATH\Database\BaseConnection.php(646): CodeIgniter\Database\BaseConnection->simpleQuery('SELECT `peminjaman`.*, `buku`.`judul`, `buku`.`penulis`, `users`.`nama` as `nama_user`
FROM `peminjaman`
JOIN `buku` ON `buku`.`id_buku` = `peminjaman`.`id_buku`
JOIN `users` ON `users`.`id_user` = `peminjaman`.`id_user`
WHERE `peminjaman`.`id_user` = \'2\'
ORDER BY `id_peminjaman` DESC')
 3 SYSTEMPATH\Database\BaseBuilder.php(1649): CodeIgniter\Database\BaseConnection->query('SELECT `peminjaman`.*, `buku`.`judul`, `buku`.`penulis`, `users`.`nama` as `nama_user`
FROM `peminjaman`
JOIN `buku` ON `buku`.`id_buku` = `peminjaman`.`id_buku`
JOIN `users` ON `users`.`id_user` = `peminjaman`.`id_user`
WHERE `peminjaman`.`id_user` = :peminjaman.id_user:
ORDER BY `id_peminjaman` DESC', [...], false)
 4 APPPATH\Models\PinjamModel.php(24): CodeIgniter\Database\BaseBuilder->get()
 5 APPPATH\Controllers\Peminjaman.php(27): App\Models\PinjamModel->getPeminjamanFull('2')
 6 SYSTEMPATH\CodeIgniter.php(933): App\Controllers\Peminjaman->index()
 7 SYSTEMPATH\CodeIgniter.php(507): CodeIgniter\CodeIgniter->runController(Object(App\Controllers\Peminjaman))
 8 SYSTEMPATH\CodeIgniter.php(354): CodeIgniter\CodeIgniter->handleRequest(null, Object(Config\Cache), false)
 9 SYSTEMPATH\Boot.php(363): CodeIgniter\CodeIgniter->run()
10 SYSTEMPATH\Boot.php(68): CodeIgniter\Boot::runCodeIgniter(Object(CodeIgniter\CodeIgniter))
11 FCPATH\index.php(59): CodeIgniter\Boot::bootWeb(Object(Config\Paths))
CRITICAL - 2026-04-17 08:15:16 --> [Caused by] mysqli_sql_exception: Unknown column 'users.id_user' in 'on clause'
in SYSTEMPATH\Database\MySQLi\Connection.php on line 327.
 1 SYSTEMPATH\Database\MySQLi\Connection.php(327): mysqli->query('SELECT `peminjaman`.*, `buku`.`judul`, `buku`.`penulis`, `users`.`nama` as `nama_user`
FROM `peminjaman`
JOIN `buku` ON `buku`.`id_buku` = `peminjaman`.`id_buku`
JOIN `users` ON `users`.`id_user` = `peminjaman`.`id_user`
WHERE `peminjaman`.`id_user` = \'2\'
ORDER BY `id_peminjaman` DESC', 0)
 2 SYSTEMPATH\Database\BaseConnection.php(729): CodeIgniter\Database\MySQLi\Connection->execute('SELECT `peminjaman`.*, `buku`.`judul`, `buku`.`penulis`, `users`.`nama` as `nama_user`
FROM `peminjaman`
JOIN `buku` ON `buku`.`id_buku` = `peminjaman`.`id_buku`
JOIN `users` ON `users`.`id_user` = `peminjaman`.`id_user`
WHERE `peminjaman`.`id_user` = \'2\'
ORDER BY `id_peminjaman` DESC')
 3 SYSTEMPATH\Database\BaseConnection.php(646): CodeIgniter\Database\BaseConnection->simpleQuery('SELECT `peminjaman`.*, `buku`.`judul`, `buku`.`penulis`, `users`.`nama` as `nama_user`
FROM `peminjaman`
JOIN `buku` ON `buku`.`id_buku` = `peminjaman`.`id_buku`
JOIN `users` ON `users`.`id_user` = `peminjaman`.`id_user`
WHERE `peminjaman`.`id_user` = \'2\'
ORDER BY `id_peminjaman` DESC')
 4 SYSTEMPATH\Database\BaseBuilder.php(1649): CodeIgniter\Database\BaseConnection->query('SELECT `peminjaman`.*, `buku`.`judul`, `buku`.`penulis`, `users`.`nama` as `nama_user`
FROM `peminjaman`
JOIN `buku` ON `buku`.`id_buku` = `peminjaman`.`id_buku`
JOIN `users` ON `users`.`id_user` = `peminjaman`.`id_user`
WHERE `peminjaman`.`id_user` = :peminjaman.id_user:
ORDER BY `id_peminjaman` DESC', [...], false)
 5 APPPATH\Models\PinjamModel.php(24): CodeIgniter\Database\BaseBuilder->get()
 6 APPPATH\Controllers\Peminjaman.php(27): App\Models\PinjamModel->getPeminjamanFull('2')
 7 SYSTEMPATH\CodeIgniter.php(933): App\Controllers\Peminjaman->index()
 8 SYSTEMPATH\CodeIgniter.php(507): CodeIgniter\CodeIgniter->runController(Object(App\Controllers\Peminjaman))
 9 SYSTEMPATH\CodeIgniter.php(354): CodeIgniter\CodeIgniter->handleRequest(null, Object(Config\Cache), false)
10 SYSTEMPATH\Boot.php(363): CodeIgniter\CodeIgniter->run()
11 SYSTEMPATH\Boot.php(68): CodeIgniter\Boot::runCodeIgniter(Object(CodeIgniter\CodeIgniter))
12 FCPATH\index.php(59): CodeIgniter\Boot::bootWeb(Object(Config\Paths))
DEBUG - 2026-04-17 08:15:22 --> Session: Class initialized using 'CodeIgniter\Session\Handlers\FileHandler' driver.
DEBUG - 2026-04-17 08:15:22 --> Session: Class initialized using 'CodeIgniter\Session\Handlers\FileHandler' driver.
DEBUG - 2026-04-17 08:15:25 --> Session: Class initialized using 'CodeIgniter\Session\Handlers\FileHandler' driver.
DEBUG - 2026-04-17 08:15:25 --> Session: Class initialized using 'CodeIgniter\Session\Handlers\FileHandler' driver.
DEBUG - 2026-04-17 08:15:30 --> Session: Class initialized using 'CodeIgniter\Session\Handlers\FileHandler' driver.
ERROR - 2026-04-17 08:15:30 --> mysqli_sql_exception: Unknown column 'users.id_user' in 'on clause' in C:\xampp\htdocs\LIBERA\system\Database\MySQLi\Connection.php:327
Stack trace:
#0 C:\xampp\htdocs\LIBERA\system\Database\MySQLi\Connection.php(327): mysqli->query('SELECT `peminja...', 0)
#1 C:\xampp\htdocs\LIBERA\system\Database\BaseConnection.php(729): CodeIgniter\Database\MySQLi\Connection->execute('SELECT `peminja...')
#2 C:\xampp\htdocs\LIBERA\system\Database\BaseConnection.php(646): CodeIgniter\Database\BaseConnection->simpleQuery('SELECT `peminja...')
#3 C:\xampp\htdocs\LIBERA\system\Database\BaseBuilder.php(1649): CodeIgniter\Database\BaseConnection->query('SELECT `peminja...', Array, false)
#4 C:\xampp\htdocs\LIBERA\app\Models\PinjamModel.php(24): CodeIgniter\Database\BaseBuilder->get()
#5 C:\xampp\htdocs\LIBERA\app\Controllers\Peminjaman.php(26): App\Models\PinjamModel->getPeminjamanFull()
#6 C:\xampp\htdocs\LIBERA\system\CodeIgniter.php(933): App\Controllers\Peminjaman->index()
#7 C:\xampp\htdocs\LIBERA\system\CodeIgniter.php(507): CodeIgniter\CodeIgniter->runController(Object(App\Controllers\Peminjaman))
#8 C:\xampp\htdocs\LIBERA\system\CodeIgniter.php(354): CodeIgniter\CodeIgniter->handleRequest(NULL, Object(Config\Cache), false)
#9 C:\xampp\htdocs\LIBERA\system\Boot.php(363): CodeIgniter\CodeIgniter->run()
#10 C:\xampp\htdocs\LIBERA\system\Boot.php(68): CodeIgniter\Boot::runCodeIgniter(Object(CodeIgniter\CodeIgniter))
#11 C:\xampp\htdocs\LIBERA\index.php(59): CodeIgniter\Boot::bootWeb(Object(Config\Paths))
#12 {main}
CRITICAL - 2026-04-17 08:15:30 --> CodeIgniter\Database\Exceptions\DatabaseException: Unknown column 'users.id_user' in 'on clause'
[Method: GET, Route: peminjaman]
in SYSTEMPATH\Database\BaseConnection.php on line 684.
 1 SYSTEMPATH\Database\BaseBuilder.php(1649): CodeIgniter\Database\BaseConnection->query('SELECT `peminjaman`.*, `buku`.`judul`, `buku`.`penulis`, `users`.`nama` as `nama_user`
FROM `peminjaman`
JOIN `buku` ON `buku`.`id_buku` = `peminjaman`.`id_buku`
JOIN `users` ON `users`.`id_user` = `peminjaman`.`id_user`
ORDER BY `id_peminjaman` DESC', [], false)
 2 APPPATH\Models\PinjamModel.php(24): CodeIgniter\Database\BaseBuilder->get()
 3 APPPATH\Controllers\Peminjaman.php(26): App\Models\PinjamModel->getPeminjamanFull()
 4 SYSTEMPATH\CodeIgniter.php(933): App\Controllers\Peminjaman->index()
 5 SYSTEMPATH\CodeIgniter.php(507): CodeIgniter\CodeIgniter->runController(Object(App\Controllers\Peminjaman))
 6 SYSTEMPATH\CodeIgniter.php(354): CodeIgniter\CodeIgniter->handleRequest(null, Object(Config\Cache), false)
 7 SYSTEMPATH\Boot.php(363): CodeIgniter\CodeIgniter->run()
 8 SYSTEMPATH\Boot.php(68): CodeIgniter\Boot::runCodeIgniter(Object(CodeIgniter\CodeIgniter))
 9 FCPATH\index.php(59): CodeIgniter\Boot::bootWeb(Object(Config\Paths))
CRITICAL - 2026-04-17 08:15:30 --> [Caused by] CodeIgniter\Database\Exceptions\DatabaseException: Unknown column 'users.id_user' in 'on clause'
in SYSTEMPATH\Database\MySQLi\Connection.php on line 332.
 1 SYSTEMPATH\Database\BaseConnection.php(729): CodeIgniter\Database\MySQLi\Connection->execute('SELECT `peminjaman`.*, `buku`.`judul`, `buku`.`penulis`, `users`.`nama` as `nama_user`
FROM `peminjaman`
JOIN `buku` ON `buku`.`id_buku` = `peminjaman`.`id_buku`
JOIN `users` ON `users`.`id_user` = `peminjaman`.`id_user`
ORDER BY `id_peminjaman` DESC')
 2 SYSTEMPATH\Database\BaseConnection.php(646): CodeIgniter\Database\BaseConnection->simpleQuery('SELECT `peminjaman`.*, `buku`.`judul`, `buku`.`penulis`, `users`.`nama` as `nama_user`
FROM `peminjaman`
JOIN `buku` ON `buku`.`id_buku` = `peminjaman`.`id_buku`
JOIN `users` ON `users`.`id_user` = `peminjaman`.`id_user`
ORDER BY `id_peminjaman` DESC')
 3 SYSTEMPATH\Database\BaseBuilder.php(1649): CodeIgniter\Database\BaseConnection->query('SELECT `peminjaman`.*, `buku`.`judul`, `buku`.`penulis`, `users`.`nama` as `nama_user`
FROM `peminjaman`
JOIN `buku` ON `buku`.`id_buku` = `peminjaman`.`id_buku`
JOIN `users` ON `users`.`id_user` = `peminjaman`.`id_user`
ORDER BY `id_peminjaman` DESC', [], false)
 4 APPPATH\Models\PinjamModel.php(24): CodeIgniter\Database\BaseBuilder->get()
 5 APPPATH\Controllers\Peminjaman.php(26): App\Models\PinjamModel->getPeminjamanFull()
 6 SYSTEMPATH\CodeIgniter.php(933): App\Controllers\Peminjaman->index()
 7 SYSTEMPATH\CodeIgniter.php(507): CodeIgniter\CodeIgniter->runController(Object(App\Controllers\Peminjaman))
 8 SYSTEMPATH\CodeIgniter.php(354): CodeIgniter\CodeIgniter->handleRequest(null, Object(Config\Cache), false)
 9 SYSTEMPATH\Boot.php(363): CodeIgniter\CodeIgniter->run()
10 SYSTEMPATH\Boot.php(68): CodeIgniter\Boot::runCodeIgniter(Object(CodeIgniter\CodeIgniter))
11 FCPATH\index.php(59): CodeIgniter\Boot::bootWeb(Object(Config\Paths))
CRITICAL - 2026-04-17 08:15:30 --> [Caused by] mysqli_sql_exception: Unknown column 'users.id_user' in 'on clause'
in SYSTEMPATH\Database\MySQLi\Connection.php on line 327.
 1 SYSTEMPATH\Database\MySQLi\Connection.php(327): mysqli->query('SELECT `peminjaman`.*, `buku`.`judul`, `buku`.`penulis`, `users`.`nama` as `nama_user`
FROM `peminjaman`
JOIN `buku` ON `buku`.`id_buku` = `peminjaman`.`id_buku`
JOIN `users` ON `users`.`id_user` = `peminjaman`.`id_user`
ORDER BY `id_peminjaman` DESC', 0)
 2 SYSTEMPATH\Database\BaseConnection.php(729): CodeIgniter\Database\MySQLi\Connection->execute('SELECT `peminjaman`.*, `buku`.`judul`, `buku`.`penulis`, `users`.`nama` as `nama_user`
FROM `peminjaman`
JOIN `buku` ON `buku`.`id_buku` = `peminjaman`.`id_buku`
JOIN `users` ON `users`.`id_user` = `peminjaman`.`id_user`
ORDER BY `id_peminjaman` DESC')
 3 SYSTEMPATH\Database\BaseConnection.php(646): CodeIgniter\Database\BaseConnection->simpleQuery('SELECT `peminjaman`.*, `buku`.`judul`, `buku`.`penulis`, `users`.`nama` as `nama_user`
FROM `peminjaman`
JOIN `buku` ON `buku`.`id_buku` = `peminjaman`.`id_buku`
JOIN `users` ON `users`.`id_user` = `peminjaman`.`id_user`
ORDER BY `id_peminjaman` DESC')
 4 SYSTEMPATH\Database\BaseBuilder.php(1649): CodeIgniter\Database\BaseConnection->query('SELECT `peminjaman`.*, `buku`.`judul`, `buku`.`penulis`, `users`.`nama` as `nama_user`
FROM `peminjaman`
JOIN `buku` ON `buku`.`id_buku` = `peminjaman`.`id_buku`
JOIN `users` ON `users`.`id_user` = `peminjaman`.`id_user`
ORDER BY `id_peminjaman` DESC', [], false)
 5 APPPATH\Models\PinjamModel.php(24): CodeIgniter\Database\BaseBuilder->get()
 6 APPPATH\Controllers\Peminjaman.php(26): App\Models\PinjamModel->getPeminjamanFull()
 7 SYSTEMPATH\CodeIgniter.php(933): App\Controllers\Peminjaman->index()
 8 SYSTEMPATH\CodeIgniter.php(507): CodeIgniter\CodeIgniter->runController(Object(App\Controllers\Peminjaman))
 9 SYSTEMPATH\CodeIgniter.php(354): CodeIgniter\CodeIgniter->handleRequest(null, Object(Config\Cache), false)
10 SYSTEMPATH\Boot.php(363): CodeIgniter\CodeIgniter->run()
11 SYSTEMPATH\Boot.php(68): CodeIgniter\Boot::runCodeIgniter(Object(CodeIgniter\CodeIgniter))
12 FCPATH\index.php(59): CodeIgniter\Boot::bootWeb(Object(Config\Paths))
DEBUG - 2026-04-17 08:15:37 --> Session: Class initialized using 'CodeIgniter\Session\Handlers\FileHandler' driver.
ERROR - 2026-04-17 08:15:37 --> mysqli_sql_exception: Unknown column 'users.id_user' in 'on clause' in C:\xampp\htdocs\LIBERA\system\Database\MySQLi\Connection.php:327
Stack trace:
#0 C:\xampp\htdocs\LIBERA\system\Database\MySQLi\Connection.php(327): mysqli->query('SELECT `peminja...', 0)
#1 C:\xampp\htdocs\LIBERA\system\Database\BaseConnection.php(729): CodeIgniter\Database\MySQLi\Connection->execute('SELECT `peminja...')
#2 C:\xampp\htdocs\LIBERA\system\Database\BaseConnection.php(646): CodeIgniter\Database\BaseConnection->simpleQuery('SELECT `peminja...')
#3 C:\xampp\htdocs\LIBERA\system\Database\BaseBuilder.php(1649): CodeIgniter\Database\BaseConnection->query('SELECT `peminja...', Array, false)
#4 C:\xampp\htdocs\LIBERA\app\Models\PinjamModel.php(24): CodeIgniter\Database\BaseBuilder->get()
#5 C:\xampp\htdocs\LIBERA\app\Controllers\Peminjaman.php(26): App\Models\PinjamModel->getPeminjamanFull()
#6 C:\xampp\htdocs\LIBERA\system\CodeIgniter.php(933): App\Controllers\Peminjaman->index()
#7 C:\xampp\htdocs\LIBERA\system\CodeIgniter.php(507): CodeIgniter\CodeIgniter->runController(Object(App\Controllers\Peminjaman))
#8 C:\xampp\htdocs\LIBERA\system\CodeIgniter.php(354): CodeIgniter\CodeIgniter->handleRequest(NULL, Object(Config\Cache), false)
#9 C:\xampp\htdocs\LIBERA\system\Boot.php(363): CodeIgniter\CodeIgniter->run()
#10 C:\xampp\htdocs\LIBERA\system\Boot.php(68): CodeIgniter\Boot::runCodeIgniter(Object(CodeIgniter\CodeIgniter))
#11 C:\xampp\htdocs\LIBERA\index.php(59): CodeIgniter\Boot::bootWeb(Object(Config\Paths))
#12 {main}
CRITICAL - 2026-04-17 08:15:37 --> CodeIgniter\Database\Exceptions\DatabaseException: Unknown column 'users.id_user' in 'on clause'
[Method: GET, Route: peminjaman]
in SYSTEMPATH\Database\BaseConnection.php on line 684.
 1 SYSTEMPATH\Database\BaseBuilder.php(1649): CodeIgniter\Database\BaseConnection->query('SELECT `peminjaman`.*, `buku`.`judul`, `buku`.`penulis`, `users`.`nama` as `nama_user`
FROM `peminjaman`
JOIN `buku` ON `buku`.`id_buku` = `peminjaman`.`id_buku`
JOIN `users` ON `users`.`id_user` = `peminjaman`.`id_user`
ORDER BY `id_peminjaman` DESC', [], false)
 2 APPPATH\Models\PinjamModel.php(24): CodeIgniter\Database\BaseBuilder->get()
 3 APPPATH\Controllers\Peminjaman.php(26): App\Models\PinjamModel->getPeminjamanFull()
 4 SYSTEMPATH\CodeIgniter.php(933): App\Controllers\Peminjaman->index()
 5 SYSTEMPATH\CodeIgniter.php(507): CodeIgniter\CodeIgniter->runController(Object(App\Controllers\Peminjaman))
 6 SYSTEMPATH\CodeIgniter.php(354): CodeIgniter\CodeIgniter->handleRequest(null, Object(Config\Cache), false)
 7 SYSTEMPATH\Boot.php(363): CodeIgniter\CodeIgniter->run()
 8 SYSTEMPATH\Boot.php(68): CodeIgniter\Boot::runCodeIgniter(Object(CodeIgniter\CodeIgniter))
 9 FCPATH\index.php(59): CodeIgniter\Boot::bootWeb(Object(Config\Paths))
CRITICAL - 2026-04-17 08:15:37 --> [Caused by] CodeIgniter\Database\Exceptions\DatabaseException: Unknown column 'users.id_user' in 'on clause'
in SYSTEMPATH\Database\MySQLi\Connection.php on line 332.
 1 SYSTEMPATH\Database\BaseConnection.php(729): CodeIgniter\Database\MySQLi\Connection->execute('SELECT `peminjaman`.*, `buku`.`judul`, `buku`.`penulis`, `users`.`nama` as `nama_user`
FROM `peminjaman`
JOIN `buku` ON `buku`.`id_buku` = `peminjaman`.`id_buku`
JOIN `users` ON `users`.`id_user` = `peminjaman`.`id_user`
ORDER BY `id_peminjaman` DESC')
 2 SYSTEMPATH\Database\BaseConnection.php(646): CodeIgniter\Database\BaseConnection->simpleQuery('SELECT `peminjaman`.*, `buku`.`judul`, `buku`.`penulis`, `users`.`nama` as `nama_user`
FROM `peminjaman`
JOIN `buku` ON `buku`.`id_buku` = `peminjaman`.`id_buku`
JOIN `users` ON `users`.`id_user` = `peminjaman`.`id_user`
ORDER BY `id_peminjaman` DESC')
 3 SYSTEMPATH\Database\BaseBuilder.php(1649): CodeIgniter\Database\BaseConnection->query('SELECT `peminjaman`.*, `buku`.`judul`, `buku`.`penulis`, `users`.`nama` as `nama_user`
FROM `peminjaman`
JOIN `buku` ON `buku`.`id_buku` = `peminjaman`.`id_buku`
JOIN `users` ON `users`.`id_user` = `peminjaman`.`id_user`
ORDER BY `id_peminjaman` DESC', [], false)
 4 APPPATH\Models\PinjamModel.php(24): CodeIgniter\Database\BaseBuilder->get()
 5 APPPATH\Controllers\Peminjaman.php(26): App\Models\PinjamModel->getPeminjamanFull()
 6 SYSTEMPATH\CodeIgniter.php(933): App\Controllers\Peminjaman->index()
 7 SYSTEMPATH\CodeIgniter.php(507): CodeIgniter\CodeIgniter->runController(Object(App\Controllers\Peminjaman))
 8 SYSTEMPATH\CodeIgniter.php(354): CodeIgniter\CodeIgniter->handleRequest(null, Object(Config\Cache), false)
 9 SYSTEMPATH\Boot.php(363): CodeIgniter\CodeIgniter->run()
10 SYSTEMPATH\Boot.php(68): CodeIgniter\Boot::runCodeIgniter(Object(CodeIgniter\CodeIgniter))
11 FCPATH\index.php(59): CodeIgniter\Boot::bootWeb(Object(Config\Paths))
CRITICAL - 2026-04-17 08:15:37 --> [Caused by] mysqli_sql_exception: Unknown column 'users.id_user' in 'on clause'
in SYSTEMPATH\Database\MySQLi\Connection.php on line 327.
 1 SYSTEMPATH\Database\MySQLi\Connection.php(327): mysqli->query('SELECT `peminjaman`.*, `buku`.`judul`, `buku`.`penulis`, `users`.`nama` as `nama_user`
FROM `peminjaman`
JOIN `buku` ON `buku`.`id_buku` = `peminjaman`.`id_buku`
JOIN `users` ON `users`.`id_user` = `peminjaman`.`id_user`
ORDER BY `id_peminjaman` DESC', 0)
 2 SYSTEMPATH\Database\BaseConnection.php(729): CodeIgniter\Database\MySQLi\Connection->execute('SELECT `peminjaman`.*, `buku`.`judul`, `buku`.`penulis`, `users`.`nama` as `nama_user`
FROM `peminjaman`
JOIN `buku` ON `buku`.`id_buku` = `peminjaman`.`id_buku`
JOIN `users` ON `users`.`id_user` = `peminjaman`.`id_user`
ORDER BY `id_peminjaman` DESC')
 3 SYSTEMPATH\Database\BaseConnection.php(646): CodeIgniter\Database\BaseConnection->simpleQuery('SELECT `peminjaman`.*, `buku`.`judul`, `buku`.`penulis`, `users`.`nama` as `nama_user`
FROM `peminjaman`
JOIN `buku` ON `buku`.`id_buku` = `peminjaman`.`id_buku`
JOIN `users` ON `users`.`id_user` = `peminjaman`.`id_user`
ORDER BY `id_peminjaman` DESC')
 4 SYSTEMPATH\Database\BaseBuilder.php(1649): CodeIgniter\Database\BaseConnection->query('SELECT `peminjaman`.*, `buku`.`judul`, `buku`.`penulis`, `users`.`nama` as `nama_user`
FROM `peminjaman`
JOIN `buku` ON `buku`.`id_buku` = `peminjaman`.`id_buku`
JOIN `users` ON `users`.`id_user` = `peminjaman`.`id_user`
ORDER BY `id_peminjaman` DESC', [], false)
 5 APPPATH\Models\PinjamModel.php(24): CodeIgniter\Database\BaseBuilder->get()
 6 APPPATH\Controllers\Peminjaman.php(26): App\Models\PinjamModel->getPeminjamanFull()
 7 SYSTEMPATH\CodeIgniter.php(933): App\Controllers\Peminjaman->index()
 8 SYSTEMPATH\CodeIgniter.php(507): CodeIgniter\CodeIgniter->runController(Object(App\Controllers\Peminjaman))
 9 SYSTEMPATH\CodeIgniter.php(354): CodeIgniter\CodeIgniter->handleRequest(null, Object(Config\Cache), false)
10 SYSTEMPATH\Boot.php(363): CodeIgniter\CodeIgniter->run()
11 SYSTEMPATH\Boot.php(68): CodeIgniter\Boot::runCodeIgniter(Object(CodeIgniter\CodeIgniter))
12 FCPATH\index.php(59): CodeIgniter\Boot::bootWeb(Object(Config\Paths))
DEBUG - 2026-04-17 08:19:30 --> Session: Class initialized using 'CodeIgniter\Session\Handlers\FileHandler' driver.
DEBUG - 2026-04-17 08:19:34 --> Session: Class initialized using 'CodeIgniter\Session\Handlers\FileHandler' driver.
ERROR - 2026-04-17 08:19:34 --> mysqli_sql_exception: Unknown column 'users.id_user' in 'on clause' in C:\xampp\htdocs\LIBERA\system\Database\MySQLi\Connection.php:327
Stack trace:
#0 C:\xampp\htdocs\LIBERA\system\Database\MySQLi\Connection.php(327): mysqli->query('SELECT `peminja...', 0)
#1 C:\xampp\htdocs\LIBERA\system\Database\BaseConnection.php(729): CodeIgniter\Database\MySQLi\Connection->execute('SELECT `peminja...')
#2 C:\xampp\htdocs\LIBERA\system\Database\BaseConnection.php(646): CodeIgniter\Database\BaseConnection->simpleQuery('SELECT `peminja...')
#3 C:\xampp\htdocs\LIBERA\system\Database\BaseBuilder.php(1649): CodeIgniter\Database\BaseConnection->query('SELECT `peminja...', Array, false)
#4 C:\xampp\htdocs\LIBERA\app\Models\PinjamModel.php(24): CodeIgniter\Database\BaseBuilder->get()
#5 C:\xampp\htdocs\LIBERA\app\Controllers\Peminjaman.php(26): App\Models\PinjamModel->getPeminjamanFull()
#6 C:\xampp\htdocs\LIBERA\system\CodeIgniter.php(933): App\Controllers\Peminjaman->index()
#7 C:\xampp\htdocs\LIBERA\system\CodeIgniter.php(507): CodeIgniter\CodeIgniter->runController(Object(App\Controllers\Peminjaman))
#8 C:\xampp\htdocs\LIBERA\system\CodeIgniter.php(354): CodeIgniter\CodeIgniter->handleRequest(NULL, Object(Config\Cache), false)
#9 C:\xampp\htdocs\LIBERA\system\Boot.php(363): CodeIgniter\CodeIgniter->run()
#10 C:\xampp\htdocs\LIBERA\system\Boot.php(68): CodeIgniter\Boot::runCodeIgniter(Object(CodeIgniter\CodeIgniter))
#11 C:\xampp\htdocs\LIBERA\index.php(59): CodeIgniter\Boot::bootWeb(Object(Config\Paths))
#12 {main}
CRITICAL - 2026-04-17 08:19:34 --> CodeIgniter\Database\Exceptions\DatabaseException: Unknown column 'users.id_user' in 'on clause'
[Method: GET, Route: peminjaman]
in SYSTEMPATH\Database\BaseConnection.php on line 684.
 1 SYSTEMPATH\Database\BaseBuilder.php(1649): CodeIgniter\Database\BaseConnection->query('SELECT `peminjaman`.*, `buku`.`judul`, `buku`.`penulis`, `users`.`nama` as `nama_user`
FROM `peminjaman`
JOIN `buku` ON `buku`.`id_buku` = `peminjaman`.`id_buku`
JOIN `users` ON `users`.`id_user` = `peminjaman`.`id_user`
ORDER BY `id_peminjaman` DESC', [], false)
 2 APPPATH\Models\PinjamModel.php(24): CodeIgniter\Database\BaseBuilder->get()
 3 APPPATH\Controllers\Peminjaman.php(26): App\Models\PinjamModel->getPeminjamanFull()
 4 SYSTEMPATH\CodeIgniter.php(933): App\Controllers\Peminjaman->index()
 5 SYSTEMPATH\CodeIgniter.php(507): CodeIgniter\CodeIgniter->runController(Object(App\Controllers\Peminjaman))
 6 SYSTEMPATH\CodeIgniter.php(354): CodeIgniter\CodeIgniter->handleRequest(null, Object(Config\Cache), false)
 7 SYSTEMPATH\Boot.php(363): CodeIgniter\CodeIgniter->run()
 8 SYSTEMPATH\Boot.php(68): CodeIgniter\Boot::runCodeIgniter(Object(CodeIgniter\CodeIgniter))
 9 FCPATH\index.php(59): CodeIgniter\Boot::bootWeb(Object(Config\Paths))
CRITICAL - 2026-04-17 08:19:34 --> [Caused by] CodeIgniter\Database\Exceptions\DatabaseException: Unknown column 'users.id_user' in 'on clause'
in SYSTEMPATH\Database\MySQLi\Connection.php on line 332.
 1 SYSTEMPATH\Database\BaseConnection.php(729): CodeIgniter\Database\MySQLi\Connection->execute('SELECT `peminjaman`.*, `buku`.`judul`, `buku`.`penulis`, `users`.`nama` as `nama_user`
FROM `peminjaman`
JOIN `buku` ON `buku`.`id_buku` = `peminjaman`.`id_buku`
JOIN `users` ON `users`.`id_user` = `peminjaman`.`id_user`
ORDER BY `id_peminjaman` DESC')
 2 SYSTEMPATH\Database\BaseConnection.php(646): CodeIgniter\Database\BaseConnection->simpleQuery('SELECT `peminjaman`.*, `buku`.`judul`, `buku`.`penulis`, `users`.`nama` as `nama_user`
FROM `peminjaman`
JOIN `buku` ON `buku`.`id_buku` = `peminjaman`.`id_buku`
JOIN `users` ON `users`.`id_user` = `peminjaman`.`id_user`
ORDER BY `id_peminjaman` DESC')
 3 SYSTEMPATH\Database\BaseBuilder.php(1649): CodeIgniter\Database\BaseConnection->query('SELECT `peminjaman`.*, `buku`.`judul`, `buku`.`penulis`, `users`.`nama` as `nama_user`
FROM `peminjaman`
JOIN `buku` ON `buku`.`id_buku` = `peminjaman`.`id_buku`
JOIN `users` ON `users`.`id_user` = `peminjaman`.`id_user`
ORDER BY `id_peminjaman` DESC', [], false)
 4 APPPATH\Models\PinjamModel.php(24): CodeIgniter\Database\BaseBuilder->get()
 5 APPPATH\Controllers\Peminjaman.php(26): App\Models\PinjamModel->getPeminjamanFull()
 6 SYSTEMPATH\CodeIgniter.php(933): App\Controllers\Peminjaman->index()
 7 SYSTEMPATH\CodeIgniter.php(507): CodeIgniter\CodeIgniter->runController(Object(App\Controllers\Peminjaman))
 8 SYSTEMPATH\CodeIgniter.php(354): CodeIgniter\CodeIgniter->handleRequest(null, Object(Config\Cache), false)
 9 SYSTEMPATH\Boot.php(363): CodeIgniter\CodeIgniter->run()
10 SYSTEMPATH\Boot.php(68): CodeIgniter\Boot::runCodeIgniter(Object(CodeIgniter\CodeIgniter))
11 FCPATH\index.php(59): CodeIgniter\Boot::bootWeb(Object(Config\Paths))
CRITICAL - 2026-04-17 08:19:34 --> [Caused by] mysqli_sql_exception: Unknown column 'users.id_user' in 'on clause'
in SYSTEMPATH\Database\MySQLi\Connection.php on line 327.
 1 SYSTEMPATH\Database\MySQLi\Connection.php(327): mysqli->query('SELECT `peminjaman`.*, `buku`.`judul`, `buku`.`penulis`, `users`.`nama` as `nama_user`
FROM `peminjaman`
JOIN `buku` ON `buku`.`id_buku` = `peminjaman`.`id_buku`
JOIN `users` ON `users`.`id_user` = `peminjaman`.`id_user`
ORDER BY `id_peminjaman` DESC', 0)
 2 SYSTEMPATH\Database\BaseConnection.php(729): CodeIgniter\Database\MySQLi\Connection->execute('SELECT `peminjaman`.*, `buku`.`judul`, `buku`.`penulis`, `users`.`nama` as `nama_user`
FROM `peminjaman`
JOIN `buku` ON `buku`.`id_buku` = `peminjaman`.`id_buku`
JOIN `users` ON `users`.`id_user` = `peminjaman`.`id_user`
ORDER BY `id_peminjaman` DESC')
 3 SYSTEMPATH\Database\BaseConnection.php(646): CodeIgniter\Database\BaseConnection->simpleQuery('SELECT `peminjaman`.*, `buku`.`judul`, `buku`.`penulis`, `users`.`nama` as `nama_user`
FROM `peminjaman`
JOIN `buku` ON `buku`.`id_buku` = `peminjaman`.`id_buku`
JOIN `users` ON `users`.`id_user` = `peminjaman`.`id_user`
ORDER BY `id_peminjaman` DESC')
 4 SYSTEMPATH\Database\BaseBuilder.php(1649): CodeIgniter\Database\BaseConnection->query('SELECT `peminjaman`.*, `buku`.`judul`, `buku`.`penulis`, `users`.`nama` as `nama_user`
FROM `peminjaman`
JOIN `buku` ON `buku`.`id_buku` = `peminjaman`.`id_buku`
JOIN `users` ON `users`.`id_user` = `peminjaman`.`id_user`
ORDER BY `id_peminjaman` DESC', [], false)
 5 APPPATH\Models\PinjamModel.php(24): CodeIgniter\Database\BaseBuilder->get()
 6 APPPATH\Controllers\Peminjaman.php(26): App\Models\PinjamModel->getPeminjamanFull()
 7 SYSTEMPATH\CodeIgniter.php(933): App\Controllers\Peminjaman->index()
 8 SYSTEMPATH\CodeIgniter.php(507): CodeIgniter\CodeIgniter->runController(Object(App\Controllers\Peminjaman))
 9 SYSTEMPATH\CodeIgniter.php(354): CodeIgniter\CodeIgniter->handleRequest(null, Object(Config\Cache), false)
10 SYSTEMPATH\Boot.php(363): CodeIgniter\CodeIgniter->run()
11 SYSTEMPATH\Boot.php(68): CodeIgniter\Boot::runCodeIgniter(Object(CodeIgniter\CodeIgniter))
12 FCPATH\index.php(59): CodeIgniter\Boot::bootWeb(Object(Config\Paths))
DEBUG - 2026-04-17 08:20:31 --> Session: Class initialized using 'CodeIgniter\Session\Handlers\FileHandler' driver.
DEBUG - 2026-04-17 08:20:34 --> Session: Class initialized using 'CodeIgniter\Session\Handlers\FileHandler' driver.
DEBUG - 2026-04-17 08:20:35 --> Session: Class initialized using 'CodeIgniter\Session\Handlers\FileHandler' driver.
ERROR - 2026-04-17 08:20:36 --> mysqli_sql_exception: Unknown column 'users.id_user' in 'on clause' in C:\xampp\htdocs\LIBERA\system\Database\MySQLi\Connection.php:327
Stack trace:
#0 C:\xampp\htdocs\LIBERA\system\Database\MySQLi\Connection.php(327): mysqli->query('SELECT `peminja...', 0)
#1 C:\xampp\htdocs\LIBERA\system\Database\BaseConnection.php(729): CodeIgniter\Database\MySQLi\Connection->execute('SELECT `peminja...')
#2 C:\xampp\htdocs\LIBERA\system\Database\BaseConnection.php(646): CodeIgniter\Database\BaseConnection->simpleQuery('SELECT `peminja...')
#3 C:\xampp\htdocs\LIBERA\system\Database\BaseBuilder.php(1649): CodeIgniter\Database\BaseConnection->query('SELECT `peminja...', Array, false)
#4 C:\xampp\htdocs\LIBERA\app\Models\PinjamModel.php(24): CodeIgniter\Database\BaseBuilder->get()
#5 C:\xampp\htdocs\LIBERA\app\Controllers\Peminjaman.php(26): App\Models\PinjamModel->getPeminjamanFull()
#6 C:\xampp\htdocs\LIBERA\system\CodeIgniter.php(933): App\Controllers\Peminjaman->index()
#7 C:\xampp\htdocs\LIBERA\system\CodeIgniter.php(507): CodeIgniter\CodeIgniter->runController(Object(App\Controllers\Peminjaman))
#8 C:\xampp\htdocs\LIBERA\system\CodeIgniter.php(354): CodeIgniter\CodeIgniter->handleRequest(NULL, Object(Config\Cache), false)
#9 C:\xampp\htdocs\LIBERA\system\Boot.php(363): CodeIgniter\CodeIgniter->run()
#10 C:\xampp\htdocs\LIBERA\system\Boot.php(68): CodeIgniter\Boot::runCodeIgniter(Object(CodeIgniter\CodeIgniter))
#11 C:\xampp\htdocs\LIBERA\index.php(59): CodeIgniter\Boot::bootWeb(Object(Config\Paths))
#12 {main}
CRITICAL - 2026-04-17 08:20:36 --> CodeIgniter\Database\Exceptions\DatabaseException: Unknown column 'users.id_user' in 'on clause'
[Method: GET, Route: peminjaman]
in SYSTEMPATH\Database\BaseConnection.php on line 684.
 1 SYSTEMPATH\Database\BaseBuilder.php(1649): CodeIgniter\Database\BaseConnection->query('SELECT `peminjaman`.*, `buku`.`judul`, `buku`.`penulis`, `users`.`nama` as `nama_user`
FROM `peminjaman`
JOIN `buku` ON `buku`.`id_buku` = `peminjaman`.`id_buku`
JOIN `users` ON `users`.`id_user` = `peminjaman`.`id_user`
ORDER BY `id_peminjaman` DESC', [], false)
 2 APPPATH\Models\PinjamModel.php(24): CodeIgniter\Database\BaseBuilder->get()
 3 APPPATH\Controllers\Peminjaman.php(26): App\Models\PinjamModel->getPeminjamanFull()
 4 SYSTEMPATH\CodeIgniter.php(933): App\Controllers\Peminjaman->index()
 5 SYSTEMPATH\CodeIgniter.php(507): CodeIgniter\CodeIgniter->runController(Object(App\Controllers\Peminjaman))
 6 SYSTEMPATH\CodeIgniter.php(354): CodeIgniter\CodeIgniter->handleRequest(null, Object(Config\Cache), false)
 7 SYSTEMPATH\Boot.php(363): CodeIgniter\CodeIgniter->run()
 8 SYSTEMPATH\Boot.php(68): CodeIgniter\Boot::runCodeIgniter(Object(CodeIgniter\CodeIgniter))
 9 FCPATH\index.php(59): CodeIgniter\Boot::bootWeb(Object(Config\Paths))
CRITICAL - 2026-04-17 08:20:36 --> [Caused by] CodeIgniter\Database\Exceptions\DatabaseException: Unknown column 'users.id_user' in 'on clause'
in SYSTEMPATH\Database\MySQLi\Connection.php on line 332.
 1 SYSTEMPATH\Database\BaseConnection.php(729): CodeIgniter\Database\MySQLi\Connection->execute('SELECT `peminjaman`.*, `buku`.`judul`, `buku`.`penulis`, `users`.`nama` as `nama_user`
FROM `peminjaman`
JOIN `buku` ON `buku`.`id_buku` = `peminjaman`.`id_buku`
JOIN `users` ON `users`.`id_user` = `peminjaman`.`id_user`
ORDER BY `id_peminjaman` DESC')
 2 SYSTEMPATH\Database\BaseConnection.php(646): CodeIgniter\Database\BaseConnection->simpleQuery('SELECT `peminjaman`.*, `buku`.`judul`, `buku`.`penulis`, `users`.`nama` as `nama_user`
FROM `peminjaman`
JOIN `buku` ON `buku`.`id_buku` = `peminjaman`.`id_buku`
JOIN `users` ON `users`.`id_user` = `peminjaman`.`id_user`
ORDER BY `id_peminjaman` DESC')
 3 SYSTEMPATH\Database\BaseBuilder.php(1649): CodeIgniter\Database\BaseConnection->query('SELECT `peminjaman`.*, `buku`.`judul`, `buku`.`penulis`, `users`.`nama` as `nama_user`
FROM `peminjaman`
JOIN `buku` ON `buku`.`id_buku` = `peminjaman`.`id_buku`
JOIN `users` ON `users`.`id_user` = `peminjaman`.`id_user`
ORDER BY `id_peminjaman` DESC', [], false)
 4 APPPATH\Models\PinjamModel.php(24): CodeIgniter\Database\BaseBuilder->get()
 5 APPPATH\Controllers\Peminjaman.php(26): App\Models\PinjamModel->getPeminjamanFull()
 6 SYSTEMPATH\CodeIgniter.php(933): App\Controllers\Peminjaman->index()
 7 SYSTEMPATH\CodeIgniter.php(507): CodeIgniter\CodeIgniter->runController(Object(App\Controllers\Peminjaman))
 8 SYSTEMPATH\CodeIgniter.php(354): CodeIgniter\CodeIgniter->handleRequest(null, Object(Config\Cache), false)
 9 SYSTEMPATH\Boot.php(363): CodeIgniter\CodeIgniter->run()
10 SYSTEMPATH\Boot.php(68): CodeIgniter\Boot::runCodeIgniter(Object(CodeIgniter\CodeIgniter))
11 FCPATH\index.php(59): CodeIgniter\Boot::bootWeb(Object(Config\Paths))
CRITICAL - 2026-04-17 08:20:36 --> [Caused by] mysqli_sql_exception: Unknown column 'users.id_user' in 'on clause'
in SYSTEMPATH\Database\MySQLi\Connection.php on line 327.
 1 SYSTEMPATH\Database\MySQLi\Connection.php(327): mysqli->query('SELECT `peminjaman`.*, `buku`.`judul`, `buku`.`penulis`, `users`.`nama` as `nama_user`
FROM `peminjaman`
JOIN `buku` ON `buku`.`id_buku` = `peminjaman`.`id_buku`
JOIN `users` ON `users`.`id_user` = `peminjaman`.`id_user`
ORDER BY `id_peminjaman` DESC', 0)
 2 SYSTEMPATH\Database\BaseConnection.php(729): CodeIgniter\Database\MySQLi\Connection->execute('SELECT `peminjaman`.*, `buku`.`judul`, `buku`.`penulis`, `users`.`nama` as `nama_user`
FROM `peminjaman`
JOIN `buku` ON `buku`.`id_buku` = `peminjaman`.`id_buku`
JOIN `users` ON `users`.`id_user` = `peminjaman`.`id_user`
ORDER BY `id_peminjaman` DESC')
 3 SYSTEMPATH\Database\BaseConnection.php(646): CodeIgniter\Database\BaseConnection->simpleQuery('SELECT `peminjaman`.*, `buku`.`judul`, `buku`.`penulis`, `users`.`nama` as `nama_user`
FROM `peminjaman`
JOIN `buku` ON `buku`.`id_buku` = `peminjaman`.`id_buku`
JOIN `users` ON `users`.`id_user` = `peminjaman`.`id_user`
ORDER BY `id_peminjaman` DESC')
 4 SYSTEMPATH\Database\BaseBuilder.php(1649): CodeIgniter\Database\BaseConnection->query('SELECT `peminjaman`.*, `buku`.`judul`, `buku`.`penulis`, `users`.`nama` as `nama_user`
FROM `peminjaman`
JOIN `buku` ON `buku`.`id_buku` = `peminjaman`.`id_buku`
JOIN `users` ON `users`.`id_user` = `peminjaman`.`id_user`
ORDER BY `id_peminjaman` DESC', [], false)
 5 APPPATH\Models\PinjamModel.php(24): CodeIgniter\Database\BaseBuilder->get()
 6 APPPATH\Controllers\Peminjaman.php(26): App\Models\PinjamModel->getPeminjamanFull()
 7 SYSTEMPATH\CodeIgniter.php(933): App\Controllers\Peminjaman->index()
 8 SYSTEMPATH\CodeIgniter.php(507): CodeIgniter\CodeIgniter->runController(Object(App\Controllers\Peminjaman))
 9 SYSTEMPATH\CodeIgniter.php(354): CodeIgniter\CodeIgniter->handleRequest(null, Object(Config\Cache), false)
10 SYSTEMPATH\Boot.php(363): CodeIgniter\CodeIgniter->run()
11 SYSTEMPATH\Boot.php(68): CodeIgniter\Boot::runCodeIgniter(Object(CodeIgniter\CodeIgniter))
12 FCPATH\index.php(59): CodeIgniter\Boot::bootWeb(Object(Config\Paths))
DEBUG - 2026-04-17 08:21:51 --> Session: Class initialized using 'CodeIgniter\Session\Handlers\FileHandler' driver.
DEBUG - 2026-04-17 08:22:00 --> Session: Class initialized using 'CodeIgniter\Session\Handlers\FileHandler' driver.
DEBUG - 2026-04-17 08:22:01 --> Session: Class initialized using 'CodeIgniter\Session\Handlers\FileHandler' driver.
DEBUG - 2026-04-17 08:22:03 --> Session: Class initialized using 'CodeIgniter\Session\Handlers\FileHandler' driver.
DEBUG - 2026-04-17 08:22:05 --> Session: Class initialized using 'CodeIgniter\Session\Handlers\FileHandler' driver.
DEBUG - 2026-04-17 08:22:13 --> Session: Class initialized using 'CodeIgniter\Session\Handlers\FileHandler' driver.
DEBUG - 2026-04-17 08:22:13 --> Session: Class initialized using 'CodeIgniter\Session\Handlers\FileHandler' driver.
DEBUG - 2026-04-17 08:22:16 --> Session: Class initialized using 'CodeIgniter\Session\Handlers\FileHandler' driver.
CRITICAL - 2026-04-17 08:22:16 --> ErrorException: Undefined array key "id"
[Method: POST, Route: proses-login]
in APPPATH\Controllers\Auth.php on line 29.
 1 APPPATH\Controllers\Auth.php(29): CodeIgniter\Debug\Exceptions->errorHandler(2, 'Undefined array key "id"', 'C:\\xampp\\htdocs\\LIBERA\\app\\Controllers\\Auth.php', 29)
 2 SYSTEMPATH\CodeIgniter.php(933): App\Controllers\Auth->prosesLogin()
 3 SYSTEMPATH\CodeIgniter.php(507): CodeIgniter\CodeIgniter->runController(Object(App\Controllers\Auth))
 4 SYSTEMPATH\CodeIgniter.php(354): CodeIgniter\CodeIgniter->handleRequest(null, Object(Config\Cache), false)
 5 SYSTEMPATH\Boot.php(363): CodeIgniter\CodeIgniter->run()
 6 SYSTEMPATH\Boot.php(68): CodeIgniter\Boot::runCodeIgniter(Object(CodeIgniter\CodeIgniter))
 7 FCPATH\index.php(59): CodeIgniter\Boot::bootWeb(Object(Config\Paths))
DEBUG - 2026-04-17 08:22:20 --> Session: Class initialized using 'CodeIgniter\Session\Handlers\FileHandler' driver.
CRITICAL - 2026-04-17 08:22:20 --> ErrorException: Undefined array key "id"
[Method: POST, Route: proses-login]
in APPPATH\Controllers\Auth.php on line 29.
 1 APPPATH\Controllers\Auth.php(29): CodeIgniter\Debug\Exceptions->errorHandler(2, 'Undefined array key "id"', 'C:\\xampp\\htdocs\\LIBERA\\app\\Controllers\\Auth.php', 29)
 2 SYSTEMPATH\CodeIgniter.php(933): App\Controllers\Auth->prosesLogin()
 3 SYSTEMPATH\CodeIgniter.php(507): CodeIgniter\CodeIgniter->runController(Object(App\Controllers\Auth))
 4 SYSTEMPATH\CodeIgniter.php(354): CodeIgniter\CodeIgniter->handleRequest(null, Object(Config\Cache), false)
 5 SYSTEMPATH\Boot.php(363): CodeIgniter\CodeIgniter->run()
 6 SYSTEMPATH\Boot.php(68): CodeIgniter\Boot::runCodeIgniter(Object(CodeIgniter\CodeIgniter))
 7 FCPATH\index.php(59): CodeIgniter\Boot::bootWeb(Object(Config\Paths))
DEBUG - 2026-04-17 08:22:21 --> Session: Class initialized using 'CodeIgniter\Session\Handlers\FileHandler' driver.
DEBUG - 2026-04-17 08:22:24 --> Session: Class initialized using 'CodeIgniter\Session\Handlers\FileHandler' driver.
CRITICAL - 2026-04-17 08:22:24 --> ErrorException: Undefined array key "id"
[Method: POST, Route: proses-login]
in APPPATH\Controllers\Auth.php on line 29.
 1 APPPATH\Controllers\Auth.php(29): CodeIgniter\Debug\Exceptions->errorHandler(2, 'Undefined array key "id"', 'C:\\xampp\\htdocs\\LIBERA\\app\\Controllers\\Auth.php', 29)
 2 SYSTEMPATH\CodeIgniter.php(933): App\Controllers\Auth->prosesLogin()
 3 SYSTEMPATH\CodeIgniter.php(507): CodeIgniter\CodeIgniter->runController(Object(App\Controllers\Auth))
 4 SYSTEMPATH\CodeIgniter.php(354): CodeIgniter\CodeIgniter->handleRequest(null, Object(Config\Cache), false)
 5 SYSTEMPATH\Boot.php(363): CodeIgniter\CodeIgniter->run()
 6 SYSTEMPATH\Boot.php(68): CodeIgniter\Boot::runCodeIgniter(Object(CodeIgniter\CodeIgniter))
 7 FCPATH\index.php(59): CodeIgniter\Boot::bootWeb(Object(Config\Paths))
DEBUG - 2026-04-17 08:22:27 --> Session: Class initialized using 'CodeIgniter\Session\Handlers\FileHandler' driver.
CRITICAL - 2026-04-17 08:22:27 --> ErrorException: Undefined array key "id"
[Method: POST, Route: proses-login]
in APPPATH\Controllers\Auth.php on line 29.
 1 APPPATH\Controllers\Auth.php(29): CodeIgniter\Debug\Exceptions->errorHandler(2, 'Undefined array key "id"', 'C:\\xampp\\htdocs\\LIBERA\\app\\Controllers\\Auth.php', 29)
 2 SYSTEMPATH\CodeIgniter.php(933): App\Controllers\Auth->prosesLogin()
 3 SYSTEMPATH\CodeIgniter.php(507): CodeIgniter\CodeIgniter->runController(Object(App\Controllers\Auth))
 4 SYSTEMPATH\CodeIgniter.php(354): CodeIgniter\CodeIgniter->handleRequest(null, Object(Config\Cache), false)
 5 SYSTEMPATH\Boot.php(363): CodeIgniter\CodeIgniter->run()
 6 SYSTEMPATH\Boot.php(68): CodeIgniter\Boot::runCodeIgniter(Object(CodeIgniter\CodeIgniter))
 7 FCPATH\index.php(59): CodeIgniter\Boot::bootWeb(Object(Config\Paths))
DEBUG - 2026-04-17 08:22:35 --> Session: Class initialized using 'CodeIgniter\Session\Handlers\FileHandler' driver.
CRITICAL - 2026-04-17 08:22:35 --> ErrorException: Undefined array key "id"
[Method: POST, Route: proses-login]
in APPPATH\Controllers\Auth.php on line 29.
 1 APPPATH\Controllers\Auth.php(29): CodeIgniter\Debug\Exceptions->errorHandler(2, 'Undefined array key "id"', 'C:\\xampp\\htdocs\\LIBERA\\app\\Controllers\\Auth.php', 29)
 2 SYSTEMPATH\CodeIgniter.php(933): App\Controllers\Auth->prosesLogin()
 3 SYSTEMPATH\CodeIgniter.php(507): CodeIgniter\CodeIgniter->runController(Object(App\Controllers\Auth))
 4 SYSTEMPATH\CodeIgniter.php(354): CodeIgniter\CodeIgniter->handleRequest(null, Object(Config\Cache), false)
 5 SYSTEMPATH\Boot.php(363): CodeIgniter\CodeIgniter->run()
 6 SYSTEMPATH\Boot.php(68): CodeIgniter\Boot::runCodeIgniter(Object(CodeIgniter\CodeIgniter))
 7 FCPATH\index.php(59): CodeIgniter\Boot::bootWeb(Object(Config\Paths))
DEBUG - 2026-04-17 08:22:39 --> Session: Class initialized using 'CodeIgniter\Session\Handlers\FileHandler' driver.
CRITICAL - 2026-04-17 08:22:39 --> ErrorException: Undefined array key "id"
[Method: POST, Route: proses-login]
in APPPATH\Controllers\Auth.php on line 29.
 1 APPPATH\Controllers\Auth.php(29): CodeIgniter\Debug\Exceptions->errorHandler(2, 'Undefined array key "id"', 'C:\\xampp\\htdocs\\LIBERA\\app\\Controllers\\Auth.php', 29)
 2 SYSTEMPATH\CodeIgniter.php(933): App\Controllers\Auth->prosesLogin()
 3 SYSTEMPATH\CodeIgniter.php(507): CodeIgniter\CodeIgniter->runController(Object(App\Controllers\Auth))
 4 SYSTEMPATH\CodeIgniter.php(354): CodeIgniter\CodeIgniter->handleRequest(null, Object(Config\Cache), false)
 5 SYSTEMPATH\Boot.php(363): CodeIgniter\CodeIgniter->run()
 6 SYSTEMPATH\Boot.php(68): CodeIgniter\Boot::runCodeIgniter(Object(CodeIgniter\CodeIgniter))
 7 FCPATH\index.php(59): CodeIgniter\Boot::bootWeb(Object(Config\Paths))
DEBUG - 2026-04-17 08:23:03 --> Session: Class initialized using 'CodeIgniter\Session\Handlers\FileHandler' driver.
DEBUG - 2026-04-17 08:23:03 --> Session: Class initialized using 'CodeIgniter\Session\Handlers\FileHandler' driver.
DEBUG - 2026-04-17 08:25:04 --> Session: Class initialized using 'CodeIgniter\Session\Handlers\FileHandler' driver.
ERROR - 2026-04-17 08:25:04 --> mysqli_sql_exception: Unknown column 'users.id_user' in 'on clause' in C:\xampp\htdocs\LIBERA\system\Database\MySQLi\Connection.php:327
Stack trace:
#0 C:\xampp\htdocs\LIBERA\system\Database\MySQLi\Connection.php(327): mysqli->query('SELECT `peminja...', 0)
#1 C:\xampp\htdocs\LIBERA\system\Database\BaseConnection.php(729): CodeIgniter\Database\MySQLi\Connection->execute('SELECT `peminja...')
#2 C:\xampp\htdocs\LIBERA\system\Database\BaseConnection.php(646): CodeIgniter\Database\BaseConnection->simpleQuery('SELECT `peminja...')
#3 C:\xampp\htdocs\LIBERA\system\Database\BaseBuilder.php(1649): CodeIgniter\Database\BaseConnection->query('SELECT `peminja...', Array, false)
#4 C:\xampp\htdocs\LIBERA\app\Models\PinjamModel.php(24): CodeIgniter\Database\BaseBuilder->get()
#5 C:\xampp\htdocs\LIBERA\app\Controllers\Peminjaman.php(26): App\Models\PinjamModel->getPeminjamanFull()
#6 C:\xampp\htdocs\LIBERA\system\CodeIgniter.php(933): App\Controllers\Peminjaman->index()
#7 C:\xampp\htdocs\LIBERA\system\CodeIgniter.php(507): CodeIgniter\CodeIgniter->runController(Object(App\Controllers\Peminjaman))
#8 C:\xampp\htdocs\LIBERA\system\CodeIgniter.php(354): CodeIgniter\CodeIgniter->handleRequest(NULL, Object(Config\Cache), false)
#9 C:\xampp\htdocs\LIBERA\system\Boot.php(363): CodeIgniter\CodeIgniter->run()
#10 C:\xampp\htdocs\LIBERA\system\Boot.php(68): CodeIgniter\Boot::runCodeIgniter(Object(CodeIgniter\CodeIgniter))
#11 C:\xampp\htdocs\LIBERA\index.php(59): CodeIgniter\Boot::bootWeb(Object(Config\Paths))
#12 {main}
CRITICAL - 2026-04-17 08:25:04 --> CodeIgniter\Database\Exceptions\DatabaseException: Unknown column 'users.id_user' in 'on clause'
[Method: GET, Route: peminjaman]
in SYSTEMPATH\Database\BaseConnection.php on line 684.
 1 SYSTEMPATH\Database\BaseBuilder.php(1649): CodeIgniter\Database\BaseConnection->query('SELECT `peminjaman`.*, `buku`.`judul`, `buku`.`penulis`, `users`.`nama` as `nama_user`
FROM `peminjaman`
JOIN `buku` ON `buku`.`id_buku` = `peminjaman`.`id_buku`
JOIN `users` ON `users`.`id_user` = `peminjaman`.`id_user`
ORDER BY `id_peminjaman` DESC', [], false)
 2 APPPATH\Models\PinjamModel.php(24): CodeIgniter\Database\BaseBuilder->get()
 3 APPPATH\Controllers\Peminjaman.php(26): App\Models\PinjamModel->getPeminjamanFull()
 4 SYSTEMPATH\CodeIgniter.php(933): App\Controllers\Peminjaman->index()
 5 SYSTEMPATH\CodeIgniter.php(507): CodeIgniter\CodeIgniter->runController(Object(App\Controllers\Peminjaman))
 6 SYSTEMPATH\CodeIgniter.php(354): CodeIgniter\CodeIgniter->handleRequest(null, Object(Config\Cache), false)
 7 SYSTEMPATH\Boot.php(363): CodeIgniter\CodeIgniter->run()
 8 SYSTEMPATH\Boot.php(68): CodeIgniter\Boot::runCodeIgniter(Object(CodeIgniter\CodeIgniter))
 9 FCPATH\index.php(59): CodeIgniter\Boot::bootWeb(Object(Config\Paths))
CRITICAL - 2026-04-17 08:25:04 --> [Caused by] CodeIgniter\Database\Exceptions\DatabaseException: Unknown column 'users.id_user' in 'on clause'
in SYSTEMPATH\Database\MySQLi\Connection.php on line 332.
 1 SYSTEMPATH\Database\BaseConnection.php(729): CodeIgniter\Database\MySQLi\Connection->execute('SELECT `peminjaman`.*, `buku`.`judul`, `buku`.`penulis`, `users`.`nama` as `nama_user`
FROM `peminjaman`
JOIN `buku` ON `buku`.`id_buku` = `peminjaman`.`id_buku`
JOIN `users` ON `users`.`id_user` = `peminjaman`.`id_user`
ORDER BY `id_peminjaman` DESC')
 2 SYSTEMPATH\Database\BaseConnection.php(646): CodeIgniter\Database\BaseConnection->simpleQuery('SELECT `peminjaman`.*, `buku`.`judul`, `buku`.`penulis`, `users`.`nama` as `nama_user`
FROM `peminjaman`
JOIN `buku` ON `buku`.`id_buku` = `peminjaman`.`id_buku`
JOIN `users` ON `users`.`id_user` = `peminjaman`.`id_user`
ORDER BY `id_peminjaman` DESC')
 3 SYSTEMPATH\Database\BaseBuilder.php(1649): CodeIgniter\Database\BaseConnection->query('SELECT `peminjaman`.*, `buku`.`judul`, `buku`.`penulis`, `users`.`nama` as `nama_user`
FROM `peminjaman`
JOIN `buku` ON `buku`.`id_buku` = `peminjaman`.`id_buku`
JOIN `users` ON `users`.`id_user` = `peminjaman`.`id_user`
ORDER BY `id_peminjaman` DESC', [], false)
 4 APPPATH\Models\PinjamModel.php(24): CodeIgniter\Database\BaseBuilder->get()
 5 APPPATH\Controllers\Peminjaman.php(26): App\Models\PinjamModel->getPeminjamanFull()
 6 SYSTEMPATH\CodeIgniter.php(933): App\Controllers\Peminjaman->index()
 7 SYSTEMPATH\CodeIgniter.php(507): CodeIgniter\CodeIgniter->runController(Object(App\Controllers\Peminjaman))
 8 SYSTEMPATH\CodeIgniter.php(354): CodeIgniter\CodeIgniter->handleRequest(null, Object(Config\Cache), false)
 9 SYSTEMPATH\Boot.php(363): CodeIgniter\CodeIgniter->run()
10 SYSTEMPATH\Boot.php(68): CodeIgniter\Boot::runCodeIgniter(Object(CodeIgniter\CodeIgniter))
11 FCPATH\index.php(59): CodeIgniter\Boot::bootWeb(Object(Config\Paths))
CRITICAL - 2026-04-17 08:25:04 --> [Caused by] mysqli_sql_exception: Unknown column 'users.id_user' in 'on clause'
in SYSTEMPATH\Database\MySQLi\Connection.php on line 327.
 1 SYSTEMPATH\Database\MySQLi\Connection.php(327): mysqli->query('SELECT `peminjaman`.*, `buku`.`judul`, `buku`.`penulis`, `users`.`nama` as `nama_user`
FROM `peminjaman`
JOIN `buku` ON `buku`.`id_buku` = `peminjaman`.`id_buku`
JOIN `users` ON `users`.`id_user` = `peminjaman`.`id_user`
ORDER BY `id_peminjaman` DESC', 0)
 2 SYSTEMPATH\Database\BaseConnection.php(729): CodeIgniter\Database\MySQLi\Connection->execute('SELECT `peminjaman`.*, `buku`.`judul`, `buku`.`penulis`, `users`.`nama` as `nama_user`
FROM `peminjaman`
JOIN `buku` ON `buku`.`id_buku` = `peminjaman`.`id_buku`
JOIN `users` ON `users`.`id_user` = `peminjaman`.`id_user`
ORDER BY `id_peminjaman` DESC')
 3 SYSTEMPATH\Database\BaseConnection.php(646): CodeIgniter\Database\BaseConnection->simpleQuery('SELECT `peminjaman`.*, `buku`.`judul`, `buku`.`penulis`, `users`.`nama` as `nama_user`
FROM `peminjaman`
JOIN `buku` ON `buku`.`id_buku` = `peminjaman`.`id_buku`
JOIN `users` ON `users`.`id_user` = `peminjaman`.`id_user`
ORDER BY `id_peminjaman` DESC')
 4 SYSTEMPATH\Database\BaseBuilder.php(1649): CodeIgniter\Database\BaseConnection->query('SELECT `peminjaman`.*, `buku`.`judul`, `buku`.`penulis`, `users`.`nama` as `nama_user`
FROM `peminjaman`
JOIN `buku` ON `buku`.`id_buku` = `peminjaman`.`id_buku`
JOIN `users` ON `users`.`id_user` = `peminjaman`.`id_user`
ORDER BY `id_peminjaman` DESC', [], false)
 5 APPPATH\Models\PinjamModel.php(24): CodeIgniter\Database\BaseBuilder->get()
 6 APPPATH\Controllers\Peminjaman.php(26): App\Models\PinjamModel->getPeminjamanFull()
 7 SYSTEMPATH\CodeIgniter.php(933): App\Controllers\Peminjaman->index()
 8 SYSTEMPATH\CodeIgniter.php(507): CodeIgniter\CodeIgniter->runController(Object(App\Controllers\Peminjaman))
 9 SYSTEMPATH\CodeIgniter.php(354): CodeIgniter\CodeIgniter->handleRequest(null, Object(Config\Cache), false)
10 SYSTEMPATH\Boot.php(363): CodeIgniter\CodeIgniter->run()
11 SYSTEMPATH\Boot.php(68): CodeIgniter\Boot::runCodeIgniter(Object(CodeIgniter\CodeIgniter))
12 FCPATH\index.php(59): CodeIgniter\Boot::bootWeb(Object(Config\Paths))
DEBUG - 2026-04-17 08:30:48 --> Session: Class initialized using 'CodeIgniter\Session\Handlers\FileHandler' driver.
DEBUG - 2026-04-17 08:30:55 --> Session: Class initialized using 'CodeIgniter\Session\Handlers\FileHandler' driver.
DEBUG - 2026-04-17 08:30:57 --> Session: Class initialized using 'CodeIgniter\Session\Handlers\FileHandler' driver.
DEBUG - 2026-04-17 08:30:59 --> Session: Class initialized using 'CodeIgniter\Session\Handlers\FileHandler' driver.
DEBUG - 2026-04-17 08:30:59 --> Session: Class initialized using 'CodeIgniter\Session\Handlers\FileHandler' driver.
DEBUG - 2026-04-17 08:31:03 --> Session: Class initialized using 'CodeIgniter\Session\Handlers\FileHandler' driver.
DEBUG - 2026-04-17 08:31:03 --> Session: Class initialized using 'CodeIgniter\Session\Handlers\FileHandler' driver.
DEBUG - 2026-04-17 08:31:11 --> Session: Class initialized using 'CodeIgniter\Session\Handlers\FileHandler' driver.
DEBUG - 2026-04-17 08:32:57 --> Session: Class initialized using 'CodeIgniter\Session\Handlers\FileHandler' driver.
DEBUG - 2026-04-17 08:32:58 --> Session: Class initialized using 'CodeIgniter\Session\Handlers\FileHandler' driver.
DEBUG - 2026-04-17 08:33:01 --> Session: Class initialized using 'CodeIgniter\Session\Handlers\FileHandler' driver.
DEBUG - 2026-04-17 08:33:01 --> Session: Class initialized using 'CodeIgniter\Session\Handlers\FileHandler' driver.
DEBUG - 2026-04-17 08:33:03 --> Session: Class initialized using 'CodeIgniter\Session\Handlers\FileHandler' driver.
DEBUG - 2026-04-17 08:35:46 --> Session: Class initialized using 'CodeIgniter\Session\Handlers\FileHandler' driver.
DEBUG - 2026-04-17 08:35:49 --> Session: Class initialized using 'CodeIgniter\Session\Handlers\FileHandler' driver.
DEBUG - 2026-04-17 08:36:03 --> Session: Class initialized using 'CodeIgniter\Session\Handlers\FileHandler' driver.
DEBUG - 2026-04-17 08:36:14 --> Session: Class initialized using 'CodeIgniter\Session\Handlers\FileHandler' driver.
DEBUG - 2026-04-17 08:36:14 --> Session: Class initialized using 'CodeIgniter\Session\Handlers\FileHandler' driver.
DEBUG - 2026-04-17 08:36:18 --> Session: Class initialized using 'CodeIgniter\Session\Handlers\FileHandler' driver.
DEBUG - 2026-04-17 08:36:18 --> Session: Class initialized using 'CodeIgniter\Session\Handlers\FileHandler' driver.
DEBUG - 2026-04-17 08:36:21 --> Session: Class initialized using 'CodeIgniter\Session\Handlers\FileHandler' driver.
DEBUG - 2026-04-17 08:38:12 --> Session: Class initialized using 'CodeIgniter\Session\Handlers\FileHandler' driver.
DEBUG - 2026-04-17 08:38:12 --> Session: Class initialized using 'CodeIgniter\Session\Handlers\FileHandler' driver.
DEBUG - 2026-04-17 08:38:16 --> Session: Class initialized using 'CodeIgniter\Session\Handlers\FileHandler' driver.
DEBUG - 2026-04-17 08:38:16 --> Session: Class initialized using 'CodeIgniter\Session\Handlers\FileHandler' driver.
DEBUG - 2026-04-17 08:38:18 --> Session: Class initialized using 'CodeIgniter\Session\Handlers\FileHandler' driver.
DEBUG - 2026-04-17 08:38:22 --> Session: Class initialized using 'CodeIgniter\Session\Handlers\FileHandler' driver.
DEBUG - 2026-04-17 15:40:02 --> Session: Class initialized using 'CodeIgniter\Session\Handlers\FileHandler' driver.
DEBUG - 2026-04-17 15:40:02 --> Session: Class initialized using 'CodeIgniter\Session\Handlers\FileHandler' driver.
DEBUG - 2026-04-17 15:40:04 --> Session: Class initialized using 'CodeIgniter\Session\Handlers\FileHandler' driver.
DEBUG - 2026-04-17 15:40:05 --> Session: Class initialized using 'CodeIgniter\Session\Handlers\FileHandler' driver.
DEBUG - 2026-04-17 15:40:07 --> Session: Class initialized using 'CodeIgniter\Session\Handlers\FileHandler' driver.
DEBUG - 2026-04-17 15:40:13 --> Session: Class initialized using 'CodeIgniter\Session\Handlers\FileHandler' driver.
DEBUG - 2026-04-17 15:40:21 --> Session: Class initialized using 'CodeIgniter\Session\Handlers\FileHandler' driver.
DEBUG - 2026-04-17 15:42:48 --> Session: Class initialized using 'CodeIgniter\Session\Handlers\FileHandler' driver.
DEBUG - 2026-04-17 15:42:48 --> Session: Class initialized using 'CodeIgniter\Session\Handlers\FileHandler' driver.
DEBUG - 2026-04-17 15:42:52 --> Session: Class initialized using 'CodeIgniter\Session\Handlers\FileHandler' driver.
DEBUG - 2026-04-17 15:42:52 --> Session: Class initialized using 'CodeIgniter\Session\Handlers\FileHandler' driver.
DEBUG - 2026-04-17 15:42:55 --> Session: Class initialized using 'CodeIgniter\Session\Handlers\FileHandler' driver.
DEBUG - 2026-04-17 15:42:55 --> Session: Class initialized using 'CodeIgniter\Session\Handlers\FileHandler' driver.
DEBUG - 2026-04-17 15:45:54 --> Session: Class initialized using 'CodeIgniter\Session\Handlers\FileHandler' driver.
DEBUG - 2026-04-17 15:45:56 --> Session: Class initialized using 'CodeIgniter\Session\Handlers\FileHandler' driver.
DEBUG - 2026-04-17 15:49:12 --> Session: Class initialized using 'CodeIgniter\Session\Handlers\FileHandler' driver.
DEBUG - 2026-04-17 15:49:19 --> Session: Class initialized using 'CodeIgniter\Session\Handlers\FileHandler' driver.
DEBUG - 2026-04-17 15:49:39 --> Session: Class initialized using 'CodeIgniter\Session\Handlers\FileHandler' driver.
DEBUG - 2026-04-17 15:50:08 --> Session: Class initialized using 'CodeIgniter\Session\Handlers\FileHandler' driver.
DEBUG - 2026-04-17 15:50:14 --> Session: Class initialized using 'CodeIgniter\Session\Handlers\FileHandler' driver.
DEBUG - 2026-04-17 15:50:14 --> Session: Class initialized using 'CodeIgniter\Session\Handlers\FileHandler' driver.
DEBUG - 2026-04-17 15:50:17 --> Session: Class initialized using 'CodeIgniter\Session\Handlers\FileHandler' driver.
DEBUG - 2026-04-17 15:50:18 --> Session: Class initialized using 'CodeIgniter\Session\Handlers\FileHandler' driver.
DEBUG - 2026-04-17 15:50:19 --> Session: Class initialized using 'CodeIgniter\Session\Handlers\FileHandler' driver.
DEBUG - 2026-04-17 15:50:23 --> Session: Class initialized using 'CodeIgniter\Session\Handlers\FileHandler' driver.
DEBUG - 2026-04-17 15:50:28 --> Session: Class initialized using 'CodeIgniter\Session\Handlers\FileHandler' driver.
DEBUG - 2026-04-17 15:50:44 --> Session: Class initialized using 'CodeIgniter\Session\Handlers\FileHandler' driver.
DEBUG - 2026-04-17 15:50:44 --> Session: Class initialized using 'CodeIgniter\Session\Handlers\FileHandler' driver.
DEBUG - 2026-04-17 15:50:49 --> Session: Class initialized using 'CodeIgniter\Session\Handlers\FileHandler' driver.
DEBUG - 2026-04-17 15:50:49 --> Session: Class initialized using 'CodeIgniter\Session\Handlers\FileHandler' driver.
DEBUG - 2026-04-17 15:50:52 --> Session: Class initialized using 'CodeIgniter\Session\Handlers\FileHandler' driver.
DEBUG - 2026-04-17 15:55:52 --> Session: Class initialized using 'CodeIgniter\Session\Handlers\FileHandler' driver.
DEBUG - 2026-04-17 15:55:55 --> Session: Class initialized using 'CodeIgniter\Session\Handlers\FileHandler' driver.
DEBUG - 2026-04-17 15:55:55 --> Session: Class initialized using 'CodeIgniter\Session\Handlers\FileHandler' driver.
DEBUG - 2026-04-17 15:55:58 --> Session: Class initialized using 'CodeIgniter\Session\Handlers\FileHandler' driver.
DEBUG - 2026-04-17 15:55:58 --> Session: Class initialized using 'CodeIgniter\Session\Handlers\FileHandler' driver.
DEBUG - 2026-04-17 15:56:00 --> Session: Class initialized using 'CodeIgniter\Session\Handlers\FileHandler' driver.
DEBUG - 2026-04-17 15:56:06 --> Session: Class initialized using 'CodeIgniter\Session\Handlers\FileHandler' driver.
DEBUG - 2026-04-17 15:56:07 --> Session: Class initialized using 'CodeIgniter\Session\Handlers\FileHandler' driver.
DEBUG - 2026-04-17 15:56:10 --> Session: Class initialized using 'CodeIgniter\Session\Handlers\FileHandler' driver.
DEBUG - 2026-04-17 15:56:10 --> Session: Class initialized using 'CodeIgniter\Session\Handlers\FileHandler' driver.
DEBUG - 2026-04-17 15:57:09 --> Session: Class initialized using 'CodeIgniter\Session\Handlers\FileHandler' driver.
DEBUG - 2026-04-17 15:57:13 --> Session: Class initialized using 'CodeIgniter\Session\Handlers\FileHandler' driver.
DEBUG - 2026-04-17 15:57:31 --> Session: Class initialized using 'CodeIgniter\Session\Handlers\FileHandler' driver.
DEBUG - 2026-04-17 15:57:31 --> Session: Class initialized using 'CodeIgniter\Session\Handlers\FileHandler' driver.
DEBUG - 2026-04-17 15:57:35 --> Session: Class initialized using 'CodeIgniter\Session\Handlers\FileHandler' driver.
DEBUG - 2026-04-17 15:57:36 --> Session: Class initialized using 'CodeIgniter\Session\Handlers\FileHandler' driver.
DEBUG - 2026-04-17 15:57:37 --> Session: Class initialized using 'CodeIgniter\Session\Handlers\FileHandler' driver.
DEBUG - 2026-04-17 15:57:54 --> Session: Class initialized using 'CodeIgniter\Session\Handlers\FileHandler' driver.
CRITICAL - 2026-04-17 15:57:54 --> CodeIgniter\View\Exceptions\ViewException: Invalid file: "buku/create.php"
[Method: GET, Route: buku/create]
in SYSTEMPATH\Exceptions\FrameworkException.php on line 39.
 1 SYSTEMPATH\View\View.php(214): CodeIgniter\Exceptions\FrameworkException::forInvalidFile('buku/create.php')
 2 SYSTEMPATH\Common.php(1167): CodeIgniter\View\View->render('buku/create', [], true)
 3 APPPATH\Controllers\Buku.php(37): view('buku/create', [...])
 4 SYSTEMPATH\CodeIgniter.php(933): App\Controllers\Buku->create()
 5 SYSTEMPATH\CodeIgniter.php(507): CodeIgniter\CodeIgniter->runController(Object(App\Controllers\Buku))
 6 SYSTEMPATH\CodeIgniter.php(354): CodeIgniter\CodeIgniter->handleRequest(null, Object(Config\Cache), false)
 7 SYSTEMPATH\Boot.php(363): CodeIgniter\CodeIgniter->run()
 8 SYSTEMPATH\Boot.php(68): CodeIgniter\Boot::runCodeIgniter(Object(CodeIgniter\CodeIgniter))
 9 FCPATH\index.php(59): CodeIgniter\Boot::bootWeb(Object(Config\Paths))
DEBUG - 2026-04-17 15:58:01 --> Session: Class initialized using 'CodeIgniter\Session\Handlers\FileHandler' driver.
CRITICAL - 2026-04-17 15:58:01 --> CodeIgniter\View\Exceptions\ViewException: Invalid file: "buku/create.php"
[Method: GET, Route: buku/create]
in SYSTEMPATH\Exceptions\FrameworkException.php on line 39.
 1 SYSTEMPATH\View\View.php(214): CodeIgniter\Exceptions\FrameworkException::forInvalidFile('buku/create.php')
 2 SYSTEMPATH\Common.php(1167): CodeIgniter\View\View->render('buku/create', [], true)
 3 APPPATH\Controllers\Buku.php(37): view('buku/create', [...])
 4 SYSTEMPATH\CodeIgniter.php(933): App\Controllers\Buku->create()
 5 SYSTEMPATH\CodeIgniter.php(507): CodeIgniter\CodeIgniter->runController(Object(App\Controllers\Buku))
 6 SYSTEMPATH\CodeIgniter.php(354): CodeIgniter\CodeIgniter->handleRequest(null, Object(Config\Cache), false)
 7 SYSTEMPATH\Boot.php(363): CodeIgniter\CodeIgniter->run()
 8 SYSTEMPATH\Boot.php(68): CodeIgniter\Boot::runCodeIgniter(Object(CodeIgniter\CodeIgniter))
 9 FCPATH\index.php(59): CodeIgniter\Boot::bootWeb(Object(Config\Paths))
DEBUG - 2026-04-17 16:00:08 --> Session: Class initialized using 'CodeIgniter\Session\Handlers\FileHandler' driver.
DEBUG - 2026-04-17 16:00:10 --> Session: Class initialized using 'CodeIgniter\Session\Handlers\FileHandler' driver.
DEBUG - 2026-04-17 16:00:42 --> Session: Class initialized using 'CodeIgniter\Session\Handlers\FileHandler' driver.
DEBUG - 2026-04-17 16:00:42 --> Session: Class initialized using 'CodeIgniter\Session\Handlers\FileHandler' driver.
DEBUG - 2026-04-17 16:00:51 --> Session: Class initialized using 'CodeIgniter\Session\Handlers\FileHandler' driver.
DEBUG - 2026-04-17 16:00:51 --> Session: Class initialized using 'CodeIgniter\Session\Handlers\FileHandler' driver.
DEBUG - 2026-04-17 16:00:53 --> Session: Class initialized using 'CodeIgniter\Session\Handlers\FileHandler' driver.
DEBUG - 2026-04-17 16:00:54 --> Session: Class initialized using 'CodeIgniter\Session\Handlers\FileHandler' driver.
DEBUG - 2026-04-17 16:00:57 --> Session: Class initialized using 'CodeIgniter\Session\Handlers\FileHandler' driver.
DEBUG - 2026-04-17 16:01:06 --> Session: Class initialized using 'CodeIgniter\Session\Handlers\FileHandler' driver.
DEBUG - 2026-04-17 16:01:06 --> Session: Class initialized using 'CodeIgniter\Session\Handlers\FileHandler' driver.
DEBUG - 2026-04-17 16:01:10 --> Session: Class initialized using 'CodeIgniter\Session\Handlers\FileHandler' driver.
DEBUG - 2026-04-17 16:01:11 --> Session: Class initialized using 'CodeIgniter\Session\Handlers\FileHandler' driver.
DEBUG - 2026-04-17 16:01:12 --> Session: Class initialized using 'CodeIgniter\Session\Handlers\FileHandler' driver.
DEBUG - 2026-04-17 16:01:14 --> Session: Class initialized using 'CodeIgniter\Session\Handlers\FileHandler' driver.
DEBUG - 2026-04-17 16:01:58 --> Session: Class initialized using 'CodeIgniter\Session\Handlers\FileHandler' driver.
DEBUG - 2026-04-17 16:01:58 --> Session: Class initialized using 'CodeIgniter\Session\Handlers\FileHandler' driver.
DEBUG - 2026-04-17 16:02:12 --> Session: Class initialized using 'CodeIgniter\Session\Handlers\FileHandler' driver.
DEBUG - 2026-04-17 16:02:14 --> Session: Class initialized using 'CodeIgniter\Session\Handlers\FileHandler' driver.
DEBUG - 2026-04-17 16:02:18 --> Session: Class initialized using 'CodeIgniter\Session\Handlers\FileHandler' driver.
DEBUG - 2026-04-17 16:02:18 --> Session: Class initialized using 'CodeIgniter\Session\Handlers\FileHandler' driver.
DEBUG - 2026-04-17 16:02:21 --> Session: Class initialized using 'CodeIgniter\Session\Handlers\FileHandler' driver.
DEBUG - 2026-04-17 16:02:22 --> Session: Class initialized using 'CodeIgniter\Session\Handlers\FileHandler' driver.
DEBUG - 2026-04-17 16:02:26 --> Session: Class initialized using 'CodeIgniter\Session\Handlers\FileHandler' driver.
DEBUG - 2026-04-17 16:02:28 --> Session: Class initialized using 'CodeIgniter\Session\Handlers\FileHandler' driver.
DEBUG - 2026-04-17 16:02:28 --> Session: Class initialized using 'CodeIgniter\Session\Handlers\FileHandler' driver.
DEBUG - 2026-04-17 16:02:33 --> Session: Class initialized using 'CodeIgniter\Session\Handlers\FileHandler' driver.
DEBUG - 2026-04-17 16:02:33 --> Session: Class initialized using 'CodeIgniter\Session\Handlers\FileHandler' driver.
DEBUG - 2026-04-17 16:05:01 --> Session: Class initialized using 'CodeIgniter\Session\Handlers\FileHandler' driver.
DEBUG - 2026-04-17 16:05:01 --> Session: Class initialized using 'CodeIgniter\Session\Handlers\FileHandler' driver.
DEBUG - 2026-04-17 16:05:04 --> Session: Class initialized using 'CodeIgniter\Session\Handlers\FileHandler' driver.
DEBUG - 2026-04-17 16:05:04 --> Session: Class initialized using 'CodeIgniter\Session\Handlers\FileHandler' driver.
DEBUG - 2026-04-17 16:05:08 --> Session: Class initialized using 'CodeIgniter\Session\Handlers\FileHandler' driver.
DEBUG - 2026-04-17 16:05:15 --> Session: Class initialized using 'CodeIgniter\Session\Handlers\FileHandler' driver.
DEBUG - 2026-04-17 16:05:15 --> Session: Class initialized using 'CodeIgniter\Session\Handlers\FileHandler' driver.
DEBUG - 2026-04-17 16:05:17 --> Session: Class initialized using 'CodeIgniter\Session\Handlers\FileHandler' driver.
DEBUG - 2026-04-17 16:05:17 --> Session: Class initialized using 'CodeIgniter\Session\Handlers\FileHandler' driver.
DEBUG - 2026-04-17 16:05:30 --> Session: Class initialized using 'CodeIgniter\Session\Handlers\FileHandler' driver.
DEBUG - 2026-04-17 16:05:30 --> Session: Class initialized using 'CodeIgniter\Session\Handlers\FileHandler' driver.
DEBUG - 2026-04-17 16:05:43 --> Session: Class initialized using 'CodeIgniter\Session\Handlers\FileHandler' driver.
DEBUG - 2026-04-17 16:05:44 --> Session: Class initialized using 'CodeIgniter\Session\Handlers\FileHandler' driver.
DEBUG - 2026-04-17 16:05:46 --> Session: Class initialized using 'CodeIgniter\Session\Handlers\FileHandler' driver.
CRITICAL - 2026-04-17 16:06:01 --> CodeIgniter\View\Exceptions\ViewException: Invalid file: "buku/edit.php"
[Method: GET, Route: buku/edit/1]
in SYSTEMPATH\Exceptions\FrameworkException.php on line 39.
 1 SYSTEMPATH\View\View.php(214): CodeIgniter\Exceptions\FrameworkException::forInvalidFile('buku/edit.php')
 2 SYSTEMPATH\Common.php(1167): CodeIgniter\View\View->render('buku/edit', [], true)
 3 APPPATH\Controllers\Buku.php(59): view('buku/edit', [...])
 4 SYSTEMPATH\CodeIgniter.php(933): App\Controllers\Buku->edit('1')
 5 SYSTEMPATH\CodeIgniter.php(507): CodeIgniter\CodeIgniter->runController(Object(App\Controllers\Buku))
 6 SYSTEMPATH\CodeIgniter.php(354): CodeIgniter\CodeIgniter->handleRequest(null, Object(Config\Cache), false)
 7 SYSTEMPATH\Boot.php(363): CodeIgniter\CodeIgniter->run()
 8 SYSTEMPATH\Boot.php(68): CodeIgniter\Boot::runCodeIgniter(Object(CodeIgniter\CodeIgniter))
 9 FCPATH\index.php(59): CodeIgniter\Boot::bootWeb(Object(Config\Paths))
DEBUG - 2026-04-17 16:06:32 --> Session: Class initialized using 'CodeIgniter\Session\Handlers\FileHandler' driver.
DEBUG - 2026-04-17 16:07:33 --> Session: Class initialized using 'CodeIgniter\Session\Handlers\FileHandler' driver.
DEBUG - 2026-04-17 16:08:53 --> Session: Class initialized using 'CodeIgniter\Session\Handlers\FileHandler' driver.
DEBUG - 2026-04-17 16:08:56 --> Session: Class initialized using 'CodeIgniter\Session\Handlers\FileHandler' driver.
DEBUG - 2026-04-17 16:09:56 --> Session: Class initialized using 'CodeIgniter\Session\Handlers\FileHandler' driver.
DEBUG - 2026-04-17 16:10:10 --> Session: Class initialized using 'CodeIgniter\Session\Handlers\FileHandler' driver.
DEBUG - 2026-04-17 16:10:16 --> Session: Class initialized using 'CodeIgniter\Session\Handlers\FileHandler' driver.
DEBUG - 2026-04-17 16:14:28 --> Session: Class initialized using 'CodeIgniter\Session\Handlers\FileHandler' driver.
DEBUG - 2026-04-17 16:14:30 --> Session: Class initialized using 'CodeIgniter\Session\Handlers\FileHandler' driver.
DEBUG - 2026-04-17 16:14:32 --> Session: Class initialized using 'CodeIgniter\Session\Handlers\FileHandler' driver.
DEBUG - 2026-04-17 16:19:16 --> Session: Class initialized using 'CodeIgniter\Session\Handlers\FileHandler' driver.
DEBUG - 2026-04-17 16:19:21 --> Session: Class initialized using 'CodeIgniter\Session\Handlers\FileHandler' driver.
DEBUG - 2026-04-17 16:19:26 --> Session: Class initialized using 'CodeIgniter\Session\Handlers\FileHandler' driver.
DEBUG - 2026-04-17 16:19:26 --> Session: Class initialized using 'CodeIgniter\Session\Handlers\FileHandler' driver.
DEBUG - 2026-04-17 16:19:30 --> Session: Class initialized using 'CodeIgniter\Session\Handlers\FileHandler' driver.
DEBUG - 2026-04-17 16:19:50 --> Session: Class initialized using 'CodeIgniter\Session\Handlers\FileHandler' driver.
DEBUG - 2026-04-17 16:19:50 --> Session: Class initialized using 'CodeIgniter\Session\Handlers\FileHandler' driver.
DEBUG - 2026-04-17 16:19:58 --> Session: Class initialized using 'CodeIgniter\Session\Handlers\FileHandler' driver.
DEBUG - 2026-04-17 16:21:46 --> Session: Class initialized using 'CodeIgniter\Session\Handlers\FileHandler' driver.
DEBUG - 2026-04-17 16:21:46 --> Session: Class initialized using 'CodeIgniter\Session\Handlers\FileHandler' driver.
DEBUG - 2026-04-17 16:21:50 --> Session: Class initialized using 'CodeIgniter\Session\Handlers\FileHandler' driver.
DEBUG - 2026-04-17 16:21:51 --> Session: Class initialized using 'CodeIgniter\Session\Handlers\FileHandler' driver.
DEBUG - 2026-04-17 16:21:53 --> Session: Class initialized using 'CodeIgniter\Session\Handlers\FileHandler' driver.
DEBUG - 2026-04-17 16:21:54 --> Session: Class initialized using 'CodeIgniter\Session\Handlers\FileHandler' driver.
DEBUG - 2026-04-17 16:23:53 --> Session: Class initialized using 'CodeIgniter\Session\Handlers\FileHandler' driver.
DEBUG - 2026-04-17 16:25:58 --> Session: Class initialized using 'CodeIgniter\Session\Handlers\FileHandler' driver.
DEBUG - 2026-04-17 16:26:02 --> Session: Class initialized using 'CodeIgniter\Session\Handlers\FileHandler' driver.
DEBUG - 2026-04-17 16:26:24 --> Session: Class initialized using 'CodeIgniter\Session\Handlers\FileHandler' driver.
CRITICAL - 2026-04-17 16:29:04 --> ErrorException: Undefined property: App\Controllers\Peminjaman::$pinjamModel
[Method: GET, Route: peminjaman]
in APPPATH\Controllers\Peminjaman.php on line 45.
 1 APPPATH\Controllers\Peminjaman.php(45): CodeIgniter\Debug\Exceptions->errorHandler(2, 'Undefined property: App\\Controllers\\Peminjaman::$pinjamModel', 'C:\\xampp\\htdocs\\LIBERA\\app\\Controllers\\Peminjaman.php', 45)
 2 SYSTEMPATH\CodeIgniter.php(933): App\Controllers\Peminjaman->index()
 3 SYSTEMPATH\CodeIgniter.php(507): CodeIgniter\CodeIgniter->runController(Object(App\Controllers\Peminjaman))
 4 SYSTEMPATH\CodeIgniter.php(354): CodeIgniter\CodeIgniter->handleRequest(null, Object(Config\Cache), false)
 5 SYSTEMPATH\Boot.php(363): CodeIgniter\CodeIgniter->run()
 6 SYSTEMPATH\Boot.php(68): CodeIgniter\Boot::runCodeIgniter(Object(CodeIgniter\CodeIgniter))
 7 FCPATH\index.php(59): CodeIgniter\Boot::bootWeb(Object(Config\Paths))
DEBUG - 2026-04-17 16:32:44 --> Session: Class initialized using 'CodeIgniter\Session\Handlers\FileHandler' driver.
DEBUG - 2026-04-17 16:32:55 --> Session: Class initialized using 'CodeIgniter\Session\Handlers\FileHandler' driver.
DEBUG - 2026-04-17 16:32:55 --> Session: Class initialized using 'CodeIgniter\Session\Handlers\FileHandler' driver.
DEBUG - 2026-04-17 16:33:00 --> Session: Class initialized using 'CodeIgniter\Session\Handlers\FileHandler' driver.
DEBUG - 2026-04-17 16:33:00 --> Session: Class initialized using 'CodeIgniter\Session\Handlers\FileHandler' driver.
DEBUG - 2026-04-17 16:33:02 --> Session: Class initialized using 'CodeIgniter\Session\Handlers\FileHandler' driver.
DEBUG - 2026-04-17 16:33:07 --> Session: Class initialized using 'CodeIgniter\Session\Handlers\FileHandler' driver.
DEBUG - 2026-04-17 16:33:12 --> Session: Class initialized using 'CodeIgniter\Session\Handlers\FileHandler' driver.
DEBUG - 2026-04-17 16:34:42 --> Session: Class initialized using 'CodeIgniter\Session\Handlers\FileHandler' driver.
DEBUG - 2026-04-17 16:34:43 --> Session: Class initialized using 'CodeIgniter\Session\Handlers\FileHandler' driver.
DEBUG - 2026-04-17 16:34:46 --> Session: Class initialized using 'CodeIgniter\Session\Handlers\FileHandler' driver.
DEBUG - 2026-04-17 16:34:46 --> Session: Class initialized using 'CodeIgniter\Session\Handlers\FileHandler' driver.
DEBUG - 2026-04-17 16:34:50 --> Session: Class initialized using 'CodeIgniter\Session\Handlers\FileHandler' driver.
DEBUG - 2026-04-17 16:34:54 --> Session: Class initialized using 'CodeIgniter\Session\Handlers\FileHandler' driver.
DEBUG - 2026-04-17 16:35:02 --> Session: Class initialized using 'CodeIgniter\Session\Handlers\FileHandler' driver.
DEBUG - 2026-04-17 16:35:03 --> Session: Class initialized using 'CodeIgniter\Session\Handlers\FileHandler' driver.
DEBUG - 2026-04-17 16:35:06 --> Session: Class initialized using 'CodeIgniter\Session\Handlers\FileHandler' driver.
DEBUG - 2026-04-17 16:35:06 --> Session: Class initialized using 'CodeIgniter\Session\Handlers\FileHandler' driver.
DEBUG - 2026-04-17 16:35:08 --> Session: Class initialized using 'CodeIgniter\Session\Handlers\FileHandler' driver.
DEBUG - 2026-04-17 16:38:05 --> Session: Class initialized using 'CodeIgniter\Session\Handlers\FileHandler' driver.
DEBUG - 2026-04-17 16:38:05 --> Session: Class initialized using 'CodeIgniter\Session\Handlers\FileHandler' driver.
DEBUG - 2026-04-17 16:38:08 --> Session: Class initialized using 'CodeIgniter\Session\Handlers\FileHandler' driver.
DEBUG - 2026-04-17 16:38:08 --> Session: Class initialized using 'CodeIgniter\Session\Handlers\FileHandler' driver.
DEBUG - 2026-04-17 16:38:11 --> Session: Class initialized using 'CodeIgniter\Session\Handlers\FileHandler' driver.
DEBUG - 2026-04-17 16:38:15 --> Session: Class initialized using 'CodeIgniter\Session\Handlers\FileHandler' driver.
DEBUG - 2026-04-17 16:38:15 --> Session: Class initialized using 'CodeIgniter\Session\Handlers\FileHandler' driver.
DEBUG - 2026-04-17 16:45:31 --> Session: Class initialized using 'CodeIgniter\Session\Handlers\FileHandler' driver.
DEBUG - 2026-04-17 16:45:36 --> Session: Class initialized using 'CodeIgniter\Session\Handlers\FileHandler' driver.
DEBUG - 2026-04-17 16:45:36 --> Session: Class initialized using 'CodeIgniter\Session\Handlers\FileHandler' driver.
DEBUG - 2026-04-17 16:45:39 --> Session: Class initialized using 'CodeIgniter\Session\Handlers\FileHandler' driver.
DEBUG - 2026-04-17 16:45:39 --> Session: Class initialized using 'CodeIgniter\Session\Handlers\FileHandler' driver.
DEBUG - 2026-04-17 16:45:42 --> Session: Class initialized using 'CodeIgniter\Session\Handlers\FileHandler' driver.
DEBUG - 2026-04-17 16:45:45 --> Session: Class initialized using 'CodeIgniter\Session\Handlers\FileHandler' driver.
DEBUG - 2026-04-17 16:45:48 --> Session: Class initialized using 'CodeIgniter\Session\Handlers\FileHandler' driver.
DEBUG - 2026-04-17 16:45:49 --> Session: Class initialized using 'CodeIgniter\Session\Handlers\FileHandler' driver.
DEBUG - 2026-04-17 16:45:54 --> Session: Class initialized using 'CodeIgniter\Session\Handlers\FileHandler' driver.
DEBUG - 2026-04-17 16:45:54 --> Session: Class initialized using 'CodeIgniter\Session\Handlers\FileHandler' driver.
DEBUG - 2026-04-17 16:45:57 --> Session: Class initialized using 'CodeIgniter\Session\Handlers\FileHandler' driver.
DEBUG - 2026-04-17 16:45:57 --> Session: Class initialized using 'CodeIgniter\Session\Handlers\FileHandler' driver.
DEBUG - 2026-04-17 16:45:59 --> Session: Class initialized using 'CodeIgniter\Session\Handlers\FileHandler' driver.
DEBUG - 2026-04-17 16:46:03 --> Session: Class initialized using 'CodeIgniter\Session\Handlers\FileHandler' driver.
DEBUG - 2026-04-17 16:46:03 --> Session: Class initialized using 'CodeIgniter\Session\Handlers\FileHandler' driver.
DEBUG - 2026-04-17 16:46:06 --> Session: Class initialized using 'CodeIgniter\Session\Handlers\FileHandler' driver.
DEBUG - 2026-04-17 16:46:06 --> Session: Class initialized using 'CodeIgniter\Session\Handlers\FileHandler' driver.
DEBUG - 2026-04-17 16:51:03 --> Session: Class initialized using 'CodeIgniter\Session\Handlers\FileHandler' driver.
DEBUG - 2026-04-17 16:51:20 --> Session: Class initialized using 'CodeIgniter\Session\Handlers\FileHandler' driver.
DEBUG - 2026-04-17 16:52:20 --> Session: Class initialized using 'CodeIgniter\Session\Handlers\FileHandler' driver.
DEBUG - 2026-04-17 16:52:25 --> Session: Class initialized using 'CodeIgniter\Session\Handlers\FileHandler' driver.
DEBUG - 2026-04-17 16:52:27 --> Session: Class initialized using 'CodeIgniter\Session\Handlers\FileHandler' driver.
DEBUG - 2026-04-17 16:52:27 --> Session: Class initialized using 'CodeIgniter\Session\Handlers\FileHandler' driver.
DEBUG - 2026-04-17 16:52:49 --> Session: Class initialized using 'CodeIgniter\Session\Handlers\FileHandler' driver.
DEBUG - 2026-04-17 16:53:22 --> Session: Class initialized using 'CodeIgniter\Session\Handlers\FileHandler' driver.
DEBUG - 2026-04-17 16:53:33 --> Session: Class initialized using 'CodeIgniter\Session\Handlers\FileHandler' driver.
DEBUG - 2026-04-17 16:54:41 --> Session: Class initialized using 'CodeIgniter\Session\Handlers\FileHandler' driver.
DEBUG - 2026-04-17 16:56:42 --> Session: Class initialized using 'CodeIgniter\Session\Handlers\FileHandler' driver.
DEBUG - 2026-04-17 16:56:51 --> Session: Class initialized using 'CodeIgniter\Session\Handlers\FileHandler' driver.
DEBUG - 2026-04-17 16:56:53 --> Session: Class initialized using 'CodeIgniter\Session\Handlers\FileHandler' driver.
DEBUG - 2026-04-17 16:56:54 --> Session: Class initialized using 'CodeIgniter\Session\Handlers\FileHandler' driver.
DEBUG - 2026-04-17 16:56:55 --> Session: Class initialized using 'CodeIgniter\Session\Handlers\FileHandler' driver.
DEBUG - 2026-04-17 16:56:57 --> Session: Class initialized using 'CodeIgniter\Session\Handlers\FileHandler' driver.
DEBUG - 2026-04-17 16:56:58 --> Session: Class initialized using 'CodeIgniter\Session\Handlers\FileHandler' driver.
DEBUG - 2026-04-17 16:57:03 --> Session: Class initialized using 'CodeIgniter\Session\Handlers\FileHandler' driver.
DEBUG - 2026-04-17 16:57:33 --> Session: Class initialized using 'CodeIgniter\Session\Handlers\FileHandler' driver.
DEBUG - 2026-04-17 16:57:33 --> Session: Class initialized using 'CodeIgniter\Session\Handlers\FileHandler' driver.
DEBUG - 2026-04-17 16:57:37 --> Session: Class initialized using 'CodeIgniter\Session\Handlers\FileHandler' driver.
DEBUG - 2026-04-17 16:57:37 --> Session: Class initialized using 'CodeIgniter\Session\Handlers\FileHandler' driver.
DEBUG - 2026-04-17 16:57:40 --> Session: Class initialized using 'CodeIgniter\Session\Handlers\FileHandler' driver.
DEBUG - 2026-04-17 16:57:43 --> Session: Class initialized using 'CodeIgniter\Session\Handlers\FileHandler' driver.
DEBUG - 2026-04-17 16:57:43 --> Session: Class initialized using 'CodeIgniter\Session\Handlers\FileHandler' driver.
DEBUG - 2026-04-17 16:57:55 --> Session: Class initialized using 'CodeIgniter\Session\Handlers\FileHandler' driver.
DEBUG - 2026-04-17 16:57:55 --> Session: Class initialized using 'CodeIgniter\Session\Handlers\FileHandler' driver.
DEBUG - 2026-04-17 16:57:58 --> Session: Class initialized using 'CodeIgniter\Session\Handlers\FileHandler' driver.
DEBUG - 2026-04-17 16:57:58 --> Session: Class initialized using 'CodeIgniter\Session\Handlers\FileHandler' driver.
DEBUG - 2026-04-17 16:58:01 --> Session: Class initialized using 'CodeIgniter\Session\Handlers\FileHandler' driver.
DEBUG - 2026-04-17 16:58:01 --> Session: Class initialized using 'CodeIgniter\Session\Handlers\FileHandler' driver.
DEBUG - 2026-04-17 16:58:06 --> Session: Class initialized using 'CodeIgniter\Session\Handlers\FileHandler' driver.
DEBUG - 2026-04-17 16:58:06 --> Session: Class initialized using 'CodeIgniter\Session\Handlers\FileHandler' driver.
DEBUG - 2026-04-17 17:00:28 --> Session: Class initialized using 'CodeIgniter\Session\Handlers\FileHandler' driver.
DEBUG - 2026-04-17 17:06:59 --> Session: Class initialized using 'CodeIgniter\Session\Handlers\FileHandler' driver.
DEBUG - 2026-04-17 17:07:02 --> Session: Class initialized using 'CodeIgniter\Session\Handlers\FileHandler' driver.
DEBUG - 2026-04-17 17:07:06 --> Session: Class initialized using 'CodeIgniter\Session\Handlers\FileHandler' driver.
DEBUG - 2026-04-17 17:07:07 --> Session: Class initialized using 'CodeIgniter\Session\Handlers\FileHandler' driver.
DEBUG - 2026-04-17 17:07:12 --> Session: Class initialized using 'CodeIgniter\Session\Handlers\FileHandler' driver.
DEBUG - 2026-04-17 17:07:12 --> Session: Class initialized using 'CodeIgniter\Session\Handlers\FileHandler' driver.
DEBUG - 2026-04-17 17:18:33 --> Session: Class initialized using 'CodeIgniter\Session\Handlers\FileHandler' driver.
DEBUG - 2026-04-17 17:18:38 --> Session: Class initialized using 'CodeIgniter\Session\Handlers\FileHandler' driver.
DEBUG - 2026-04-17 17:18:53 --> Session: Class initialized using 'CodeIgniter\Session\Handlers\FileHandler' driver.
DEBUG - 2026-04-17 17:18:55 --> Session: Class initialized using 'CodeIgniter\Session\Handlers\FileHandler' driver.
DEBUG - 2026-04-17 17:19:16 --> Session: Class initialized using 'CodeIgniter\Session\Handlers\FileHandler' driver.
DEBUG - 2026-04-17 17:19:20 --> Session: Class initialized using 'CodeIgniter\Session\Handlers\FileHandler' driver.
